dst,cid,dci,next,pattern,class
3,3,0,3,6,normal
29,29,0,29,41,normal
0,0,0,0,168,hello flood
0,0,0,0,158,hello flood
1,1,0,1,152,hello flood
2,2,0,2,116,hello flood
30,30,0,30,30,normal
44,44,0,44,44,normal
45,45,0,45,45,normal
29,29,0,29,29,normal
54,54,0,54,54,normal
31,31,0,31,31,normal
54,54,0,54,54,normal
72,72,0,72,72,normal
134,134,0,134,134,hello flood
104,104,0,104,104,hello flood
243,243,0,243,243,hello flood
133,133,0,133,133,hello flood
163,163,0,163,163,hello flood
154,154,0,154,154,hello flood
158,158,0,158,158,hello flood
149,149,0,149,149,hello flood
146,146,0,146,146,hello flood
154,154,0,154,154,hello flood
150,150,0,150,150,hello flood
170,170,0,170,170,hello flood
144,144,0,144,144,hello flood
159,159,0,159,159,hello flood
180,180,0,180,180,hello flood
162,162,0,162,162,hello flood
178,178,0,178,178,hello flood
155,155,0,155,155,hello flood
138,138,0,138,138,hello flood
157,157,0,157,157,hello flood
70,70,0,70,70,normal
149,149,0,149,149,hello flood
154,154,0,154,154,hello flood
140,140,0,140,140,hello flood
176,176,0,176,176,hello flood
147,147,0,147,147,hello flood
141,141,0,141,141,hello flood
154,154,0,154,154,hello flood
106,106,0,106,106,hello flood
139,139,0,139,139,hello flood
153,153,0,153,153,hello flood
96,96,0,96,96,normal
147,147,0,147,147,hello flood
164,164,0,164,164,hello flood
132,132,0,132,132,hello flood
125,125,0,125,125,hello flood
148,148,0,148,148,hello flood
152,152,0,152,152,hello flood
171,171,0,171,171,hello flood
149,149,0,149,149,hello flood
170,170,0,170,170,hello flood
174,174,0,174,174,hello flood
191,191,0,191,191,hello flood
154,154,0,154,154,hello flood
157,157,0,157,157,hello flood
186,186,0,186,186,hello flood
162,162,0,162,162,hello flood
152,152,0,152,152,hello flood
160,160,0,160,160,hello flood
172,172,0,172,172,hello flood
171,171,0,171,171,hello flood
156,156,0,156,156,hello flood
170,170,0,170,170,hello flood
146,146,0,146,146,hello flood
132,132,0,132,132,hello flood
103,103,0,103,103,hello flood
95,95,0,95,95,normal
96,96,0,96,96,normal
73,73,0,73,73,normal
30,30,0,30,30,normal
36,36,0,36,36,normal
35,35,0,35,35,normal
35,35,0,35,35,normal
43,43,0,43,43,normal
36,36,0,36,36,normal
34,34,0,34,34,normal
77,77,0,77,77,normal
76,76,0,76,76,normal
83,83,0,83,83,normal
106,106,0,106,106,hello flood
151,151,0,151,151,hello flood
136,136,0,136,136,hello flood
173,173,0,173,173,hello flood
142,142,0,142,142,hello flood
151,151,0,151,151,hello flood
155,155,0,155,155,hello flood
191,191,0,191,191,hello flood
136,136,0,136,136,hello flood
142,142,0,142,142,hello flood
157,157,0,157,157,hello flood
164,164,0,164,164,hello flood
166,166,0,166,166,hello flood
161,161,0,161,161,hello flood
150,150,0,150,150,hello flood
114,114,0,114,114,hello flood
162,162,0,162,162,hello flood
164,164,0,164,164,hello flood
132,132,0,132,132,hello flood
133,133,0,133,133,hello flood
111,111,0,111,111,hello flood
91,91,0,91,91,normal
72,72,0,72,72,normal
68,68,0,68,68,normal
48,48,0,48,48,normal
2,2,0,2,2,normal
0,0,0,0,0,normal
0,0,0,0,0,normal
0,0,0,0,0,normal
0,0,0,0,0,normal
0,0,0,0,0,normal
0,0,0,0,0,normal
29,29,0,29,29,normal
4,4,0,4,4,normal
61,61,0,61,61,normal
51,51,0,51,51,normal
32,32,0,32,32,normal
48,48,0,48,48,normal
112,112,0,112,112,hello flood
60,60,0,60,60,normal
80,80,0,80,80,normal
52,52,0,52,52,normal
67,67,0,67,67,normal
56,56,0,56,56,normal
44,44,0,44,44,normal
85,85,36,49,85,normal
75,75,37,38,75,normal
65,65,47,18,65,normal
84,84,48,36,84,normal
122,122,13,109,122,hello flood
127,127,0,127,127,hello flood
111,111,0,111,111,hello flood
134,134,0,134,134,hello flood
145,145,0,145,145,hello flood
136,136,0,136,136,hello flood
150,150,0,150,150,hello flood
157,157,0,157,157,hello flood
145,145,0,145,145,hello flood
167,167,0,167,167,hello flood
154,154,0,154,154,hello flood
146,146,0,146,146,hello flood
128,128,0,128,128,hello flood
141,141,0,141,141,hello flood
153,153,0,153,153,hello flood
141,141,0,141,141,hello flood
135,135,0,135,135,hello flood
153,153,0,153,153,hello flood
123,123,0,123,123,hello flood
88,88,0,88,88,normal
61,61,0,61,61,normal
87,87,0,87,87,normal
33,33,0,33,33,normal
20,20,0,20,20,normal
4,4,0,4,4,normal
9,9,9,1,9,normal
70,70,41,29,70,normal
76,76,72,4,76,normal
53,53,49,8,53,normal
86,86,65,21,86,normal
72,72,72,0,72,normal
77,77,77,0,77,normal
81,81,81,0,81,normal
73,73,73,0,73,normal
71,71,71,0,71,normal
63,63,63,5,63,normal
58,58,58,0,58,normal
12,12,12,0,12,normal
0,0,0,0,0,normal
4,4,4,0,4,normal
68,68,68,0,68,normal
78,78,78,0,78,normal
86,86,86,0,86,normal
71,71,71,0,71,normal
54,54,54,0,54,normal
0,0,0,0,0,normal
5,5,5,1,5,normal
0,0,0,0,0,normal
0,0,0,0,0,normal
0,0,0,0,0,normal
0,0,0,0,0,normal
5,5,5,0,5,normal
69,69,69,0,69,normal
51,51,51,0,51,normal
59,59,59,0,59,normal
48,48,48,0,48,normal
108,108,108,1,108,hello flood
113,113,113,0,113,hello flood
114,114,114,0,114,hello flood
110,110,110,0,110,hello flood
84,84,84,0,84,normal
101,101,101,0,101,hello flood
52,52,47,6,52,normal
18,18,0,18,18,normal
12,12,0,12,12,normal
65,65,42,23,65,normal
72,72,72,0,72,normal
93,93,30,63,93,normal
62,62,38,24,62,normal
31,31,2,29,31,normal
34,34,5,34,34,normal
33,33,0,33,33,normal
18,18,0,18,18,normal
31,31,0,31,31,normal
50,50,45,5,50,normal
70,70,63,7,70,normal
95,95,36,59,95,normal
87,87,36,51,87,normal
87,87,0,87,87,normal
97,97,0,97,97,normal
78,78,0,78,78,normal
98,98,0,98,98,normal
104,104,36,68,104,hello flood
74,74,45,29,74,normal
63,63,63,0,63,normal
44,44,44,0,44,normal
37,37,32,5,37,normal
41,41,40,1,41,normal
68,68,67,1,68,normal
35,35,34,1,35,normal
13,13,7,10,13,normal
41,41,0,41,41,normal
44,44,0,44,44,normal
33,33,0,33,33,normal
21,21,0,21,21,normal
34,34,0,34,34,normal
29,29,0,29,29,normal
12,12,0,12,12,normal
69,69,0,69,69,normal
66,66,0,66,66,normal
75,75,0,75,75,normal
40,40,0,40,40,normal
7,7,7,0,7,normal
65,65,65,0,65,normal
70,70,70,0,70,normal
38,38,38,0,38,normal
0,0,0,0,0,normal
0,0,0,0,0,normal
0,0,0,0,0,normal
0,0,0,0,0,normal
0,0,0,0,0,normal
4,4,4,0,4,normal
80,80,80,0,80,normal
121,121,121,0,121,hello flood
95,95,95,0,95,normal
108,108,108,5,108,hello flood
103,103,103,0,103,hello flood
102,102,102,0,102,hello flood
107,107,107,0,107,hello flood
75,75,75,0,75,normal
67,67,67,0,67,normal
84,84,84,0,84,normal
52,52,52,1,52,normal
68,68,68,0,68,normal
85,85,85,0,85,normal
70,70,70,0,70,normal
54,54,54,0,54,normal
0,0,0,0,0,normal
1,1,1,1,1,normal
3,3,3,0,3,normal
0,0,0,0,0,normal
10,10,10,1,10,normal
55,55,55,0,55,normal
61,61,61,0,61,normal
58,58,58,0,58,normal
0,0,0,0,0,normal
0,0,0,0,0,normal
0,0,0,0,0,normal
0,0,0,0,0,normal
6,6,6,0,6,normal
72,72,72,0,72,normal
32,32,32,4,32,normal
59,59,59,0,59,normal
67,67,67,0,67,normal
46,46,46,0,46,normal
70,70,70,0,70,normal
62,62,62,0,62,normal
72,72,72,0,72,normal
47,47,47,1,47,normal
42,42,42,0,42,normal
65,65,65,0,65,normal
43,43,43,0,43,normal
65,65,65,0,65,normal
67,67,67,0,67,normal
38,38,38,0,38,normal
76,76,76,0,76,normal
69,69,69,0,69,normal
36,36,36,0,36,normal
38,38,38,0,38,normal
32,32,32,0,32,normal
0,0,0,0,0,normal
13,13,13,6,13,normal
0,0,0,0,0,normal
5,5,5,1,5,normal
0,0,0,0,0,normal
0,0,0,0,0,normal
0,0,0,0,0,normal
2,2,2,0,2,normal
40,40,40,0,40,normal
41,41,41,4,41,normal
59,59,59,0,59,normal
101,101,101,1,101,hello flood
99,99,99,0,99,normal
90,90,90,0,90,normal
70,70,70,0,70,normal
77,77,77,0,77,normal
59,59,59,0,59,normal
54,54,54,0,54,normal
62,62,62,0,62,normal
70,70,70,0,70,normal
61,61,61,0,61,normal
32,32,32,0,32,normal
9,9,9,0,9,normal
0,0,0,0,0,normal
6,6,6,0,6,normal
60,60,60,0,60,normal
86,86,57,29,86,normal
94,94,94,0,94,normal
75,75,75,0,75,normal
78,78,75,3,78,normal
90,90,71,19,90,normal
80,80,49,31,80,normal
61,61,53,8,61,normal
0,0,0,0,0,normal
1,1,0,1,1,normal
13,13,0,13,13,normal
40,40,0,40,40,normal
68,68,0,68,68,normal
70,70,0,70,70,normal
75,75,36,39,75,normal
67,67,40,27,67,normal
66,66,59,7,66,normal
53,53,50,3,53,normal
48,48,35,13,48,normal
66,66,53,13,66,normal
56,56,56,0,56,normal
47,47,47,1,47,normal
1,1,1,0,1,normal
0,0,0,0,0,normal
9,9,9,0,9,normal
8,8,8,0,8,normal
67,67,67,0,67,normal
86,86,86,0,86,normal
72,72,72,0,72,normal
117,117,88,29,117,hello flood
80,80,80,0,80,normal
82,82,82,0,82,normal
53,53,49,4,53,normal
17,17,0,17,17,normal
10,10,2,8,10,normal
9,9,9,0,9,normal
65,65,36,29,65,normal
67,67,67,0,67,normal
60,60,60,0,60,normal
7,7,7,0,7,normal
0,0,0,0,0,normal
0,0,0,0,0,normal
8,8,8,5,8,normal
6,6,0,6,6,normal
32,32,0,32,32,normal
49,49,0,49,49,normal
0,0,0,0,0,normal
11,11,0,11,11,normal
85,85,36,49,85,normal
76,76,36,40,76,normal
76,76,39,37,76,normal
72,72,33,39,72,normal
80,80,14,66,80,normal
37,37,37,1,37,normal
33,33,4,29,33,normal
1,1,0,1,1,normal
45,45,43,2,45,normal
65,65,59,6,65,normal
64,64,50,14,64,normal
93,93,82,11,93,normal
58,58,58,0,58,normal
54,54,51,3,54,normal
95,95,80,15,95,normal
75,75,64,11,75,normal
65,65,65,0,65,normal
67,67,67,0,67,normal
79,79,50,29,79,normal
71,71,42,29,71,normal
66,66,66,0,66,normal
65,65,65,0,65,normal
68,68,68,0,68,normal
68,68,68,0,68,normal
51,51,51,0,51,normal
51,51,51,0,51,normal
43,43,43,0,43,normal
65,65,65,0,65,normal
67,67,36,31,67,normal
41,41,36,5,41,normal
27,27,0,27,27,normal
46,46,0,46,46,normal
32,32,0,32,32,normal
76,76,6,72,76,normal
54,54,7,50,54,normal
84,84,0,84,84,normal
94,94,0,94,94,normal
121,121,0,121,121,hello flood
106,106,0,106,106,hello flood
110,110,0,110,110,hello flood
128,128,0,128,128,hello flood
135,135,0,135,135,hello flood
147,147,0,147,147,hello flood
143,143,0,143,143,hello flood
134,134,0,134,134,hello flood
97,97,0,97,97,normal
162,162,0,162,162,hello flood
139,139,0,139,139,hello flood
104,104,0,104,104,hello flood
133,133,0,133,133,hello flood
128,128,0,128,128,hello flood
156,156,0,156,156,hello flood
128,128,0,128,128,hello flood
138,138,0,138,138,hello flood
95,95,0,95,95,normal
67,67,0,67,67,normal
11,11,0,11,11,normal
0,0,0,0,0,normal
7,7,7,0,7,normal
61,61,61,0,61,normal
53,53,53,0,53,normal
60,60,60,0,60,normal
29,29,0,29,29,normal
0,0,0,0,0,normal
0,0,0,0,0,normal
1,1,1,0,1,normal
4,4,4,0,4,normal
48,48,48,0,48,normal
54,54,54,0,54,normal
45,45,45,5,45,normal
38,38,38,0,38,normal
0,0,0,0,0,normal
2,2,2,0,2,normal
3,3,3,1,3,normal
8,8,8,5,8,normal
0,0,0,0,0,normal
9,9,9,1,9,normal
36,36,36,0,36,normal
59,59,59,0,59,normal
45,45,45,0,45,normal
38,38,38,0,38,normal
47,47,47,0,47,normal
51,51,51,0,51,normal
43,43,43,0,43,normal
44,44,44,0,44,normal
64,64,64,0,64,normal
77,77,77,0,77,normal
89,89,89,0,89,normal
81,81,81,0,81,normal
41,41,41,0,41,normal
7,7,7,0,7,normal
35,35,35,0,35,normal
61,61,61,0,61,normal
77,77,77,0,77,normal
83,83,83,0,83,normal
32,32,32,4,32,normal
43,43,43,0,43,normal
80,80,80,0,80,normal
64,64,64,0,64,normal
62,62,62,0,62,normal
3,3,3,0,3,normal
0,0,0,0,0,normal
7,7,7,0,7,normal
59,59,59,0,59,normal
56,56,56,0,56,normal
58,58,58,0,58,normal
0,0,0,0,0,normal
7,7,7,0,7,normal
20,20,20,0,20,normal
73,73,73,0,73,normal
91,91,91,0,91,normal
69,69,69,0,69,normal
65,65,65,1,65,normal
67,67,67,0,67,normal
71,71,71,0,71,normal
61,61,61,0,61,normal
68,68,68,0,68,normal
53,53,53,0,53,normal
65,65,65,0,65,normal
38,38,38,0,38,normal
4,4,4,0,4,normal
73,73,73,0,73,normal
55,55,55,0,55,normal
46,46,46,0,46,normal
0,0,0,0,0,normal
0,0,0,0,0,normal
0,0,0,0,0,normal
13,13,13,1,13,normal
49,49,49,3,49,normal
54,54,54,0,54,normal
77,77,77,0,77,normal
64,64,64,0,64,normal
20,20,20,0,20,normal
52,52,52,0,52,normal
39,39,39,0,39,normal
75,75,75,0,75,normal
43,43,43,1,43,normal
62,62,62,0,62,normal
5,5,5,0,5,normal
0,0,0,0,0,normal
5,5,5,0,5,normal
28,28,28,0,28,normal
50,50,50,0,50,normal
64,64,64,2,64,normal
43,43,43,0,43,normal
6,6,6,0,6,normal
70,70,70,0,70,normal
66,66,66,0,66,normal
36,36,36,0,36,normal
0,0,0,0,0,normal
0,0,0,0,0,normal
1,1,1,0,1,normal
46,46,46,0,46,normal
53,53,53,0,53,normal
45,45,45,0,45,normal
36,36,36,0,36,normal
0,0,0,0,0,normal
0,0,0,0,0,normal
0,0,0,0,0,normal
0,0,0,0,0,normal
0,0,0,0,0,normal
1,1,1,0,1,normal
43,43,43,0,43,normal
69,69,69,4,69,normal
75,75,75,0,75,normal
79,79,79,0,79,normal
108,108,108,0,108,hello flood
79,79,79,0,79,normal
62,62,62,0,62,normal
38,38,38,1,38,normal
1,1,1,0,1,normal
8,8,8,1,8,normal
8,8,8,0,8,normal
71,71,71,0,71,normal
43,43,43,0,43,normal
62,62,62,0,62,normal
21,21,21,0,21,normal
52,52,52,0,52,normal
60,60,60,0,60,normal
45,45,45,0,45,normal
11,11,11,0,11,normal
63,63,63,0,63,normal
44,44,44,0,44,normal
80,80,80,0,80,normal
66,66,66,0,66,normal
75,75,75,0,75,normal
93,93,93,0,93,normal
52,52,52,0,52,normal
73,73,73,0,73,normal
69,69,69,0,69,normal
95,95,95,0,95,normal
85,85,85,0,85,normal
87,87,87,0,87,normal
3,3,3,0,3,normal
5,5,5,1,5,normal
0,0,0,0,0,normal
0,0,0,0,0,normal
2,2,2,2,2,normal
7,7,7,2,7,normal
1,1,1,1,1,normal
4,4,4,0,4,normal
46,46,46,0,46,normal
66,66,66,0,66,normal
67,67,67,0,67,normal
21,21,21,0,21,normal
66,66,66,0,66,normal
54,54,54,0,54,normal
44,44,44,0,44,normal
25,25,25,0,25,normal
79,79,79,0,79,normal
68,68,68,0,68,normal
72,72,72,0,72,normal
77,77,77,0,77,normal
59,59,23,36,59,normal
20,20,8,12,20,normal
17,17,0,17,17,normal
22,22,0,22,22,normal
6,6,0,6,6,normal
14,14,0,14,14,normal
66,66,0,66,66,normal
80,80,0,80,80,normal
99,99,4,95,99,normal
112,112,30,82,112,hello flood
123,123,2,121,123,hello flood
75,75,18,57,75,normal
135,135,5,130,135,hello flood
90,90,31,59,90,normal
103,103,1,102,103,hello flood
85,85,13,72,85,normal
96,96,22,74,96,normal
71,71,5,66,71,normal
55,55,3,52,55,normal
132,132,30,102,132,hello flood
133,133,6,127,133,hello flood
133,133,28,105,133,hello flood
134,134,0,134,134,hello flood
148,148,0,148,148,hello flood
136,136,0,136,136,hello flood
115,115,0,115,115,hello flood
89,89,0,89,89,normal
113,113,0,113,113,hello flood
70,70,0,70,70,normal
105,105,0,105,105,hello flood
106,106,0,106,106,hello flood
49,49,0,49,49,normal
29,29,0,29,29,normal
29,29,0,29,29,normal
0,0,0,0,0,normal
0,0,0,0,0,normal
4,4,4,1,4,normal
3,3,3,0,3,normal
33,33,33,0,33,normal
45,45,45,5,45,normal
52,52,52,5,52,normal
57,57,57,0,57,normal
8,8,8,0,8,normal
7,7,7,2,7,normal
7,7,7,3,7,normal
0,0,0,0,0,normal
4,4,4,0,4,normal
31,31,31,0,31,normal
44,44,44,1,44,normal
31,31,31,0,31,normal
45,45,45,0,45,normal
67,67,65,2,67,normal
45,45,36,9,45,normal
61,61,43,18,61,normal
49,49,49,0,49,normal
29,29,29,0,29,normal
59,59,59,0,59,normal
45,45,45,0,45,normal
42,42,42,0,42,normal
51,51,22,29,51,normal
29,29,0,29,29,normal
29,29,0,29,29,normal
0,0,0,0,0,normal
5,5,0,5,5,normal
14,14,0,14,14,normal
81,81,37,44,81,normal
79,79,35,44,79,normal
74,74,36,38,74,normal
71,71,36,35,71,normal
76,76,36,40,76,normal
4,4,4,0,4,normal
67,67,38,29,67,normal
41,41,41,0,41,normal
61,61,61,0,61,normal
39,39,36,3,39,normal
29,29,2,27,29,normal
50,50,22,28,50,normal
77,77,77,0,77,normal
66,66,66,0,66,normal
63,63,63,0,63,normal
82,82,82,0,82,normal
48,48,48,0,48,normal
3,3,0,3,3,normal
14,14,0,14,14,normal
81,81,1,80,81,normal
75,75,4,72,75,normal
73,73,0,73,73,normal
61,61,0,61,61,normal
70,70,0,70,70,normal
68,68,0,68,68,normal
29,29,0,29,29,normal
0,0,0,0,0,normal
2,2,0,2,2,normal
27,27,0,27,27,normal
15,15,15,4,15,normal
57,57,53,4,57,normal
78,78,48,30,78,normal
54,54,43,11,54,normal
70,70,57,13,70,normal
83,83,83,0,83,normal
74,74,74,0,74,normal
77,77,77,0,77,normal
62,62,62,0,62,normal
36,36,36,0,36,normal
38,38,38,0,38,normal
70,70,70,0,70,normal
37,37,37,0,37,normal
42,42,42,3,42,normal
4,4,4,1,4,normal
43,43,43,0,43,normal
69,69,69,0,69,normal
65,65,65,0,65,normal
8,8,8,0,8,normal
35,35,35,0,35,normal
66,66,66,0,66,normal
64,64,64,0,64,normal
66,66,66,1,66,normal
71,71,71,0,71,normal
63,63,63,0,63,normal
22,22,22,0,22,normal
55,55,55,0,55,normal
60,60,60,0,60,normal
39,39,36,3,39,normal
12,12,0,12,12,normal
14,14,0,14,14,normal
1,1,1,0,1,normal
7,7,7,0,7,normal
23,23,23,0,23,normal
84,84,55,29,84,normal
66,66,66,0,66,normal
89,89,60,29,89,normal
71,71,71,0,71,normal
78,78,78,0,78,normal
0,0,0,0,0,normal
0,0,0,0,0,normal
6,6,2,5,6,normal
29,29,0,29,29,normal
0,0,0,0,0,normal
3,3,3,0,3,normal
40,40,40,0,40,normal
51,51,51,0,51,normal
54,54,54,1,54,normal
36,36,36,0,36,normal
0,0,0,0,0,normal
0,0,0,0,0,normal
0,0,0,0,0,normal
0,0,0,0,0,normal
1,1,1,0,1,normal
11,11,11,0,11,normal
60,60,60,0,60,normal
39,39,39,0,39,normal
50,50,50,0,50,normal
77,77,77,0,77,normal
56,56,56,0,56,normal
51,51,51,0,51,normal
20,20,20,1,20,normal
41,41,41,0,41,normal
41,41,41,0,41,normal
70,70,70,0,70,normal
89,89,89,0,89,normal
91,91,91,0,91,normal
75,75,72,3,75,normal
81,81,65,16,81,normal
75,75,58,21,75,normal
78,78,59,19,78,normal
83,83,77,6,83,normal
69,69,69,0,69,normal
73,73,73,0,73,normal
87,87,87,0,87,normal
68,68,68,4,68,normal
36,36,34,2,36,normal
59,59,59,0,59,normal
44,44,44,0,44,normal
6,6,0,6,6,normal
31,31,7,24,31,normal
67,67,67,0,67,normal
62,62,62,0,62,normal
69,69,69,0,69,normal
75,75,75,0,75,normal
45,45,45,0,45,normal
35,35,35,0,35,normal
5,5,0,5,5,normal
43,43,0,43,43,normal
10,10,0,10,10,normal
8,8,8,0,8,normal
28,28,28,0,28,normal
48,48,48,1,48,normal
56,56,56,5,56,normal
52,52,52,0,52,normal
3,3,3,0,3,normal
0,0,0,0,0,normal
0,0,0,0,0,normal
0,0,0,0,0,normal
5,5,5,0,5,normal
18,18,18,0,18,normal
53,53,53,0,53,normal
53,53,53,0,53,normal
51,51,51,0,51,normal
0,0,0,0,0,normal
0,0,0,0,0,normal
0,0,0,0,0,normal
1,1,1,0,1,normal
9,9,9,0,9,normal
31,31,31,1,31,normal
66,66,66,0,66,normal
86,86,86,0,86,normal
65,65,65,0,65,normal
71,71,71,0,71,normal
41,41,41,0,41,normal
68,68,68,3,68,normal
58,58,58,1,58,normal
57,57,57,0,57,normal
0,0,0,0,0,normal
3,3,3,0,3,normal
11,11,11,1,11,normal
74,74,74,0,74,normal
47,47,47,0,47,normal
51,51,51,0,51,normal
40,40,40,0,40,normal
80,80,80,0,80,normal
60,60,60,0,60,normal
0,0,0,0,0,normal
0,0,0,0,0,normal
0,0,0,0,0,normal
0,0,0,0,0,normal
12,12,12,4,12,normal
37,37,37,0,37,normal
52,52,52,0,52,normal
58,58,58,0,58,normal
30,30,30,0,30,normal
0,0,0,0,0,normal
0,0,0,0,0,normal
0,0,0,0,0,normal
0,0,0,0,0,normal
0,0,0,0,0,normal
3,3,3,0,3,normal
5,5,5,1,5,normal
5,5,5,4,5,normal
48,48,48,0,48,normal
69,69,69,1,69,normal
48,48,48,0,48,normal
19,19,19,0,19,normal
0,0,0,0,0,normal
45,45,45,0,45,normal
46,46,46,0,46,normal
56,56,56,0,56,normal
40,40,40,0,40,normal
16,16,16,0,16,normal
92,92,92,0,92,normal
117,117,117,0,117,hello flood
108,108,108,0,108,hello flood
130,130,130,0,130,hello flood
91,91,91,0,91,normal
103,103,103,0,103,hello flood
74,74,74,0,74,normal
75,75,75,0,75,normal
53,53,53,0,53,normal
103,103,103,0,103,hello flood
107,107,107,0,107,hello flood
93,93,93,0,93,normal
78,78,78,0,78,normal
41,41,41,0,41,normal
