dst,cid,dci,next,pattern,class
3,3,0,3,6,normal
29,29,0,29,41,normal
0,0,0,0,168,hello flood
0,0,0,0,158,hello flood
1,1,0,1,152,hello flood
2,2,0,2,116,hello flood
30,30,0,30,30,normal
44,44,0,44,44,normal
45,45,0,45,45,normal
29,29,0,29,29,normal
54,54,0,54,54,normal
31,31,0,31,31,normal
54,54,0,54,54,normal
72,72,0,72,72,normal
134,134,0,134,134,hello flood
104,104,0,104,104,hello flood
243,243,0,243,243,hello flood
133,133,0,133,133,hello flood
163,163,0,163,163,hello flood
154,154,0,154,154,hello flood
158,158,0,158,158,hello flood
149,149,0,149,149,hello flood
146,146,0,146,146,hello flood
154,154,0,154,154,hello flood
150,150,0,150,150,hello flood
170,170,0,170,170,hello flood
144,144,0,144,144,hello flood
159,159,0,159,159,hello flood
180,180,0,180,180,hello flood
162,162,0,162,162,hello flood
178,178,0,178,178,hello flood
155,155,0,155,155,hello flood
138,138,0,138,138,hello flood
157,157,0,157,157,hello flood
70,70,0,70,70,normal
149,149,0,149,149,hello flood
154,154,0,154,154,hello flood
140,140,0,140,140,hello flood
176,176,0,176,176,hello flood
147,147,0,147,147,hello flood
141,141,0,141,141,hello flood
154,154,0,154,154,hello flood
106,106,0,106,106,hello flood
139,139,0,139,139,hello flood
153,153,0,153,153,hello flood
96,96,0,96,96,normal
147,147,0,147,147,hello flood
164,164,0,164,164,hello flood
132,132,0,132,132,hello flood
125,125,0,125,125,hello flood
148,148,0,148,148,hello flood
152,152,0,152,152,hello flood
171,171,0,171,171,hello flood
149,149,0,149,149,hello flood
170,170,0,170,170,hello flood
174,174,0,174,174,hello flood
191,191,0,191,191,hello flood
154,154,0,154,154,hello flood
157,157,0,157,157,hello flood
186,186,0,186,186,hello flood
162,162,0,162,162,hello flood
152,152,0,152,152,hello flood
160,160,0,160,160,hello flood
172,172,0,172,172,hello flood
171,171,0,171,171,hello flood
156,156,0,156,156,hello flood
170,170,0,170,170,hello flood
146,146,0,146,146,hello flood
132,132,0,132,132,hello flood
103,103,0,103,103,hello flood
95,95,0,95,95,normal
96,96,0,96,96,normal
73,73,0,73,73,normal
30,30,0,30,30,normal
36,36,0,36,36,normal
35,35,0,35,35,normal
35,35,0,35,35,normal
43,43,0,43,43,normal
36,36,0,36,36,normal
34,34,0,34,34,normal
77,77,0,77,77,normal
76,76,0,76,76,normal
83,83,0,83,83,normal
106,106,0,106,106,hello flood
151,151,0,151,151,hello flood
136,136,0,136,136,hello flood
173,173,0,173,173,hello flood
142,142,0,142,142,hello flood
151,151,0,151,151,hello flood
155,155,0,155,155,hello flood
191,191,0,191,191,hello flood
136,136,0,136,136,hello flood
142,142,0,142,142,hello flood
157,157,0,157,157,hello flood
164,164,0,164,164,hello flood
166,166,0,166,166,hello flood
161,161,0,161,161,hello flood
150,150,0,150,150,hello flood
114,114,0,114,114,hello flood
162,162,0,162,162,hello flood
164,164,0,164,164,hello flood
132,132,0,132,132,hello flood
133,133,0,133,133,hello flood
111,111,0,111,111,hello flood
91,91,0,91,91,normal
72,72,0,72,72,normal
68,68,0,68,68,normal
48,48,0,48,48,normal
2,2,0,2,2,normal
0,0,0,0,0,normal
0,0,0,0,0,normal
0,0,0,0,0,normal
0,0,0,0,0,normal
0,0,0,0,0,normal
0,0,0,0,0,normal
29,29,0,29,29,normal
4,4,0,4,4,normal
61,61,0,61,61,normal
51,51,0,51,51,normal
32,32,0,32,32,normal
48,48,0,48,48,normal
112,112,0,112,112,hello flood
60,60,0,60,60,normal
80,80,0,80,80,normal
52,52,0,52,52,normal
67,67,0,67,67,normal
56,56,0,56,56,normal
44,44,0,44,44,normal
85,85,36,49,85,normal
75,75,37,38,75,normal
65,65,47,18,65,normal
84,84,48,36,84,normal
122,122,13,109,122,hello flood
127,127,0,127,127,hello flood
111,111,0,111,111,hello flood
134,134,0,134,134,hello flood
145,145,0,145,145,hello flood
136,136,0,136,136,hello flood
150,150,0,150,150,hello flood
157,157,0,157,157,hello flood
145,145,0,145,145,hello flood
167,167,0,167,167,hello flood
154,154,0,154,154,hello flood
146,146,0,146,146,hello flood
128,128,0,128,128,hello flood
141,141,0,141,141,hello flood
153,153,0,153,153,hello flood
141,141,0,141,141,hello flood
135,135,0,135,135,hello flood
153,153,0,153,153,hello flood
123,123,0,123,123,hello flood
88,88,0,88,88,normal
61,61,0,61,61,normal
87,87,0,87,87,normal
33,33,0,33,33,normal
20,20,0,20,20,normal
4,4,0,4,4,normal
9,9,9,1,9,normal
70,70,41,29,70,normal
76,76,72,4,76,normal
53,53,49,8,53,normal
86,86,65,21,86,normal
72,72,72,0,72,normal
77,77,77,0,77,normal
81,81,81,0,81,normal
73,73,73,0,73,normal
71,71,71,0,71,normal
63,63,63,5,63,normal
58,58,58,0,58,normal
12,12,12,0,12,normal
0,0,0,0,0,normal
4,4,4,0,4,normal
68,68,68,0,68,normal
78,78,78,0,78,normal
86,86,86,0,86,normal
71,71,71,0,71,normal
54,54,54,0,54,normal
0,0,0,0,0,normal
5,5,5,1,5,normal
0,0,0,0,0,normal
0,0,0,0,0,normal
0,0,0,0,0,normal
0,0,0,0,0,normal
5,5,5,0,5,normal
69,69,69,0,69,normal
51,51,51,0,51,normal
59,59,59,0,59,normal
48,48,48,0,48,normal
108,108,108,1,108,hello flood
113,113,113,0,113,hello flood
114,114,114,0,114,hello flood
110,110,110,0,110,hello flood
84,84,84,0,84,normal
101,101,101,0,101,hello flood
52,52,47,6,52,normal
18,18,0,18,18,normal
12,12,0,12,12,normal
65,65,42,23,65,normal
72,72,72,0,72,normal
93,93,30,63,93,normal
62,62,38,24,62,normal
31,31,2,29,31,normal
34,34,5,34,34,normal
33,33,0,33,33,normal
18,18,0,18,18,normal
31,31,0,31,31,normal
50,50,45,5,50,normal
70,70,63,7,70,normal
95,95,36,59,95,normal
87,87,36,51,87,normal
87,87,0,87,87,normal
97,97,0,97,97,normal
78,78,0,78,78,normal
98,98,0,98,98,normal
104,104,36,68,104,hello flood
74,74,45,29,74,normal
63,63,63,0,63,normal
44,44,44,0,44,normal
37,37,32,5,37,normal
41,41,40,1,41,normal
68,68,67,1,68,normal
35,35,34,1,35,normal
13,13,7,10,13,normal
41,41,0,41,41,normal
44,44,0,44,44,normal
33,33,0,33,33,normal
21,21,0,21,21,normal
34,34,0,34,34,normal
29,29,0,29,29,normal
12,12,0,12,12,normal
69,69,0,69,69,normal
66,66,0,66,66,normal
75,75,0,75,75,normal
40,40,0,40,40,normal
7,7,7,0,7,normal
65,65,65,0,65,normal
70,70,70,0,70,normal
38,38,38,0,38,normal
0,0,0,0,0,normal
0,0,0,0,0,normal
0,0,0,0,0,normal
0,0,0,0,0,normal
0,0,0,0,0,normal
4,4,4,0,4,normal
80,80,80,0,80,normal
121,121,121,0,121,hello flood
95,95,95,0,95,normal
108,108,108,5,108,hello flood
103,103,103,0,103,hello flood
102,102,102,0,102,hello flood
107,107,107,0,107,hello flood
75,75,75,0,75,normal
67,67,67,0,67,normal
84,84,84,0,84,normal
52,52,52,1,52,normal
68,68,68,0,68,normal
85,85,85,0,85,normal
70,70,70,0,70,normal
54,54,54,0,54,normal
0,0,0,0,0,normal
1,1,1,1,1,normal
3,3,3,0,3,normal
0,0,0,0,0,normal
10,10,10,1,10,normal
55,55,55,0,55,normal
61,61,61,0,61,normal
58,58,58,0,58,normal
0,0,0,0,0,normal
0,0,0,0,0,normal
0,0,0,0,0,normal
0,0,0,0,0,normal
6,6,6,0,6,normal
72,72,72,0,72,normal
32,32,32,4,32,normal
59,59,59,0,59,normal
67,67,67,0,67,normal
46,46,46,0,46,normal
70,70,70,0,70,normal
62,62,62,0,62,normal
72,72,72,0,72,normal
47,47,47,1,47,normal
42,42,42,0,42,normal
65,65,65,0,65,normal
43,43,43,0,43,normal
65,65,65,0,65,normal
67,67,67,0,67,normal
38,38,38,0,38,normal
76,76,76,0,76,normal
69,69,69,0,69,normal
36,36,36,0,36,normal
38,38,38,0,38,normal
32,32,32,0,32,normal
0,0,0,0,0,normal
13,13,13,6,13,normal
0,0,0,0,0,normal
5,5,5,1,5,normal
0,0,0,0,0,normal
0,0,0,0,0,normal
0,0,0,0,0,normal
2,2,2,0,2,normal
40,40,40,0,40,normal
41,41,41,4,41,normal
59,59,59,0,59,normal
101,101,101,1,101,hello flood
99,99,99,0,99,normal
90,90,90,0,90,normal
70,70,70,0,70,normal
77,77,77,0,77,normal
59,59,59,0,59,normal
54,54,54,0,54,normal
62,62,62,0,62,normal
70,70,70,0,70,normal
61,61,61,0,61,normal
32,32,32,0,32,normal
9,9,9,0,9,normal
0,0,0,0,0,normal
6,6,6,0,6,normal
60,60,60,0,60,normal
86,86,57,29,86,normal
94,94,94,0,94,normal
75,75,75,0,75,normal
78,78,75,3,78,normal
90,90,71,19,90,normal
80,80,49,31,80,normal
61,61,53,8,61,normal
0,0,0,0,0,normal
1,1,0,1,1,normal
13,13,0,13,13,normal
40,40,0,40,40,normal
68,68,0,68,68,normal
70,70,0,70,70,normal
75,75,36,39,75,normal
67,67,40,27,67,normal
66,66,59,7,66,normal
53,53,50,3,53,normal
48,48,35,13,48,normal
66,66,53,13,66,normal
56,56,56,0,56,normal
47,47,47,1,47,normal
1,1,1,0,1,normal
0,0,0,0,0,normal
9,9,9,0,9,normal
8,8,8,0,8,normal
67,67,67,0,67,normal
86,86,86,0,86,normal
72,72,72,0,72,normal
117,117,88,29,117,hello flood
80,80,80,0,80,normal
82,82,82,0,82,normal
53,53,49,4,53,normal
17,17,0,17,17,normal
10,10,2,8,10,normal
9,9,9,0,9,normal
65,65,36,29,65,normal
67,67,67,0,67,normal
60,60,60,0,60,normal
7,7,7,0,7,normal
0,0,0,0,0,normal
0,0,0,0,0,normal
8,8,8,5,8,normal
6,6,0,6,6,normal
32,32,0,32,32,normal
49,49,0,49,49,normal
0,0,0,0,0,normal
11,11,0,11,11,normal
85,85,36,49,85,normal
76,76,36,40,76,normal
76,76,39,37,76,normal
72,72,33,39,72,normal
80,80,14,66,80,normal
37,37,37,1,37,normal
33,33,4,29,33,normal
1,1,0,1,1,normal
45,45,43,2,45,normal
65,65,59,6,65,normal
64,64,50,14,64,normal
93,93,82,11,93,normal
58,58,58,0,58,normal
54,54,51,3,54,normal
95,95,80,15,95,normal
75,75,64,11,75,normal
65,65,65,0,65,normal
67,67,67,0,67,normal
79,79,50,29,79,normal
71,71,42,29,71,normal
66,66,66,0,66,normal
65,65,65,0,65,normal
68,68,68,0,68,normal
68,68,68,0,68,normal
51,51,51,0,51,normal
51,51,51,0,51,normal
43,43,43,0,43,normal
65,65,65,0,65,normal
67,67,36,31,67,normal
41,41,36,5,41,normal
27,27,0,27,27,normal
46,46,0,46,46,normal
32,32,0,32,32,normal
76,76,6,72,76,normal
54,54,7,50,54,normal
84,84,0,84,84,normal
94,94,0,94,94,normal
121,121,0,121,121,hello flood
106,106,0,106,106,hello flood
110,110,0,110,110,hello flood
128,128,0,128,128,hello flood
135,135,0,135,135,hello flood
147,147,0,147,147,hello flood
143,143,0,143,143,hello flood
134,134,0,134,134,hello flood
97,97,0,97,97,normal
162,162,0,162,162,hello flood
139,139,0,139,139,hello flood
104,104,0,104,104,hello flood
133,133,0,133,133,hello flood
128,128,0,128,128,hello flood
156,156,0,156,156,hello flood
128,128,0,128,128,hello flood
138,138,0,138,138,hello flood
95,95,0,95,95,normal
67,67,0,67,67,normal
11,11,0,11,11,normal
0,0,0,0,0,normal
7,7,7,0,7,normal
61,61,61,0,61,normal
53,53,53,0,53,normal
60,60,60,0,60,normal
29,29,0,29,29,normal
0,0,0,0,0,normal
0,0,0,0,0,normal
1,1,1,0,1,normal
4,4,4,0,4,normal
48,48,48,0,48,normal
54,54,54,0,54,normal
45,45,45,5,45,normal
38,38,38,0,38,normal
0,0,0,0,0,normal
2,2,2,0,2,normal
3,3,3,1,3,normal
8,8,8,5,8,normal
0,0,0,0,0,normal
9,9,9,1,9,normal
36,36,36,0,36,normal
59,59,59,0,59,normal
45,45,45,0,45,normal
38,38,38,0,38,normal
47,47,47,0,47,normal
51,51,51,0,51,normal
43,43,43,0,43,normal
44,44,44,0,44,normal
64,64,64,0,64,normal
77,77,77,0,77,normal
89,89,89,0,89,normal
81,81,81,0,81,normal
41,41,41,0,41,normal
7,7,7,0,7,normal
35,35,35,0,35,normal
61,61,61,0,61,normal
77,77,77,0,77,normal
83,83,83,0,83,normal
32,32,32,4,32,normal
43,43,43,0,43,normal
80,80,80,0,80,normal
64,64,64,0,64,normal
62,62,62,0,62,normal
3,3,3,0,3,normal
0,0,0,0,0,normal
7,7,7,0,7,normal
59,59,59,0,59,normal
56,56,56,0,56,normal
58,58,58,0,58,normal
0,0,0,0,0,normal
7,7,7,0,7,normal
20,20,20,0,20,normal
73,73,73,0,73,normal
91,91,91,0,91,normal
69,69,69,0,69,normal
65,65,65,1,65,normal
67,67,67,0,67,normal
71,71,71,0,71,normal
61,61,61,0,61,normal
68,68,68,0,68,normal
53,53,53,0,53,normal
65,65,65,0,65,normal
38,38,38,0,38,normal
4,4,4,0,4,normal
73,73,73,0,73,normal
55,55,55,0,55,normal
46,46,46,0,46,normal
0,0,0,0,0,normal
0,0,0,0,0,normal
0,0,0,0,0,normal
13,13,13,1,13,normal
49,49,49,3,49,normal
54,54,54,0,54,normal
77,77,77,0,77,normal
64,64,64,0,64,normal
20,20,20,0,20,normal
52,52,52,0,52,normal
39,39,39,0,39,normal
75,75,75,0,75,normal
43,43,43,1,43,normal
62,62,62,0,62,normal
5,5,5,0,5,normal
0,0,0,0,0,normal
5,5,5,0,5,normal
28,28,28,0,28,normal
50,50,50,0,50,normal
64,64,64,2,64,normal
43,43,43,0,43,normal
6,6,6,0,6,normal
70,70,70,0,70,normal
66,66,66,0,66,normal
36,36,36,0,36,normal
0,0,0,0,0,normal
0,0,0,0,0,normal
1,1,1,0,1,normal
46,46,46,0,46,normal
53,53,53,0,53,normal
45,45,45,0,45,normal
36,36,36,0,36,normal
0,0,0,0,0,normal
0,0,0,0,0,normal
0,0,0,0,0,normal
0,0,0,0,0,normal
0,0,0,0,0,normal
1,1,1,0,1,normal
43,43,43,0,43,normal
69,69,69,4,69,normal
75,75,75,0,75,normal
79,79,79,0,79,normal
108,108,108,0,108,hello flood
79,79,79,0,79,normal
62,62,62,0,62,normal
38,38,38,1,38,normal
1,1,1,0,1,normal
8,8,8,1,8,normal
8,8,8,0,8,normal
71,71,71,0,71,normal
43,43,43,0,43,normal
62,62,62,0,62,normal
21,21,21,0,21,normal
52,52,52,0,52,normal
60,60,60,0,60,normal
45,45,45,0,45,normal
11,11,11,0,11,normal
63,63,63,0,63,normal
44,44,44,0,44,normal
80,80,80,0,80,normal
66,66,66,0,66,normal
75,75,75,0,75,normal
93,93,93,0,93,normal
52,52,52,0,52,normal
73,73,73,0,73,normal
69,69,69,0,69,normal
95,95,95,0,95,normal
85,85,85,0,85,normal
87,87,87,0,87,normal
3,3,3,0,3,normal
5,5,5,1,5,normal
0,0,0,0,0,normal
0,0,0,0,0,normal
2,2,2,2,2,normal
7,7,7,2,7,normal
1,1,1,1,1,normal
4,4,4,0,4,normal
46,46,46,0,46,normal
66,66,66,0,66,normal
67,67,67,0,67,normal
21,21,21,0,21,normal
66,66,66,0,66,normal
54,54,54,0,54,normal
44,44,44,0,44,normal
25,25,25,0,25,normal
79,79,79,0,79,normal
68,68,68,0,68,normal
72,72,72,0,72,normal
77,77,77,0,77,normal
59,59,23,36,59,normal
20,20,8,12,20,normal
17,17,0,17,17,normal
22,22,0,22,22,normal
6,6,0,6,6,normal
14,14,0,14,14,normal
66,66,0,66,66,normal
80,80,0,80,80,normal
99,99,4,95,99,normal
112,112,30,82,112,hello flood
123,123,2,121,123,hello flood
75,75,18,57,75,normal
135,135,5,130,135,hello flood
90,90,31,59,90,normal
103,103,1,102,103,hello flood
85,85,13,72,85,normal
96,96,22,74,96,normal
71,71,5,66,71,normal
55,55,3,52,55,normal
132,132,30,102,132,hello flood
133,133,6,127,133,hello flood
133,133,28,105,133,hello flood
134,134,0,134,134,hello flood
148,148,0,148,148,hello flood
136,136,0,136,136,hello flood
115,115,0,115,115,hello flood
89,89,0,89,89,normal
113,113,0,113,113,hello flood
70,70,0,70,70,normal
105,105,0,105,105,hello flood
106,106,0,106,106,hello flood
49,49,0,49,49,normal
29,29,0,29,29,normal
29,29,0,29,29,normal
0,0,0,0,0,normal
0,0,0,0,0,normal
4,4,4,1,4,normal
3,3,3,0,3,normal
33,33,33,0,33,normal
45,45,45,5,45,normal
52,52,52,5,52,normal
57,57,57,0,57,normal
8,8,8,0,8,normal
7,7,7,2,7,normal
7,7,7,3,7,normal
0,0,0,0,0,normal
4,4,4,0,4,normal
31,31,31,0,31,normal
44,44,44,1,44,normal
31,31,31,0,31,normal
45,45,45,0,45,normal
67,67,65,2,67,normal
45,45,36,9,45,normal
61,61,43,18,61,normal
49,49,49,0,49,normal
29,29,29,0,29,normal
59,59,59,0,59,normal
45,45,45,0,45,normal
42,42,42,0,42,normal
51,51,22,29,51,normal
29,29,0,29,29,normal
29,29,0,29,29,normal
0,0,0,0,0,normal
5,5,0,5,5,normal
14,14,0,14,14,normal
81,81,37,44,81,normal
79,79,35,44,79,normal
74,74,36,38,74,normal
71,71,36,35,71,normal
76,76,36,40,76,normal
4,4,4,0,4,normal
67,67,38,29,67,normal
41,41,41,0,41,normal
61,61,61,0,61,normal
39,39,36,3,39,normal
29,29,2,27,29,normal
50,50,22,28,50,normal
77,77,77,0,77,normal
66,66,66,0,66,normal
63,63,63,0,63,normal
82,82,82,0,82,normal
48,48,48,0,48,normal
3,3,0,3,3,normal
14,14,0,14,14,normal
81,81,1,80,81,normal
75,75,4,72,75,normal
73,73,0,73,73,normal
61,61,0,61,61,normal
70,70,0,70,70,normal
68,68,0,68,68,normal
29,29,0,29,29,normal
0,0,0,0,0,normal
2,2,0,2,2,normal
27,27,0,27,27,normal
15,15,15,4,15,normal
57,57,53,4,57,normal
78,78,48,30,78,normal
54,54,43,11,54,normal
70,70,57,13,70,normal
83,83,83,0,83,normal
74,74,74,0,74,normal
77,77,77,0,77,normal
62,62,62,0,62,normal
36,36,36,0,36,normal
38,38,38,0,38,normal
70,70,70,0,70,normal
37,37,37,0,37,normal
42,42,42,3,42,normal
4,4,4,1,4,normal
43,43,43,0,43,normal
69,69,69,0,69,normal
65,65,65,0,65,normal
8,8,8,0,8,normal
35,35,35,0,35,normal
66,66,66,0,66,normal
64,64,64,0,64,normal
66,66,66,1,66,normal
71,71,71,0,71,normal
63,63,63,0,63,normal
22,22,22,0,22,normal
55,55,55,0,55,normal
60,60,60,0,60,normal
39,39,36,3,39,normal
12,12,0,12,12,normal
14,14,0,14,14,normal
1,1,1,0,1,normal
7,7,7,0,7,normal
23,23,23,0,23,normal
84,84,55,29,84,normal
66,66,66,0,66,normal
89,89,60,29,89,normal
71,71,71,0,71,normal
78,78,78,0,78,normal
0,0,0,0,0,normal
0,0,0,0,0,normal
6,6,2,5,6,normal
29,29,0,29,29,normal
0,0,0,0,0,normal
3,3,3,0,3,normal
40,40,40,0,40,normal
51,51,51,0,51,normal
54,54,54,1,54,normal
36,36,36,0,36,normal
0,0,0,0,0,normal
0,0,0,0,0,normal
0,0,0,0,0,normal
0,0,0,0,0,normal
1,1,1,0,1,normal
11,11,11,0,11,normal
60,60,60,0,60,normal
39,39,39,0,39,normal
50,50,50,0,50,normal
77,77,77,0,77,normal
56,56,56,0,56,normal
51,51,51,0,51,normal
20,20,20,1,20,normal
41,41,41,0,41,normal
41,41,41,0,41,normal
70,70,70,0,70,normal
89,89,89,0,89,normal
91,91,91,0,91,normal
75,75,72,3,75,normal
81,81,65,16,81,normal
75,75,58,21,75,normal
78,78,59,19,78,normal
83,83,77,6,83,normal
69,69,69,0,69,normal
73,73,73,0,73,normal
87,87,87,0,87,normal
68,68,68,4,68,normal
36,36,34,2,36,normal
59,59,59,0,59,normal
44,44,44,0,44,normal
6,6,0,6,6,normal
31,31,7,24,31,normal
67,67,67,0,67,normal
62,62,62,0,62,normal
69,69,69,0,69,normal
75,75,75,0,75,normal
45,45,45,0,45,normal
35,35,35,0,35,normal
5,5,0,5,5,normal
43,43,0,43,43,normal
10,10,0,10,10,normal
8,8,8,0,8,normal
28,28,28,0,28,normal
48,48,48,1,48,normal
56,56,56,5,56,normal
52,52,52,0,52,normal
3,3,3,0,3,normal
0,0,0,0,0,normal
0,0,0,0,0,normal
0,0,0,0,0,normal
5,5,5,0,5,normal
18,18,18,0,18,normal
53,53,53,0,53,normal
53,53,53,0,53,normal
51,51,51,0,51,normal
0,0,0,0,0,normal
0,0,0,0,0,normal
0,0,0,0,0,normal
1,1,1,0,1,normal
9,9,9,0,9,normal
31,31,31,1,31,normal
66,66,66,0,66,normal
86,86,86,0,86,normal
65,65,65,0,65,normal
71,71,71,0,71,normal
41,41,41,0,41,normal
68,68,68,3,68,normal
58,58,58,1,58,normal
57,57,57,0,57,normal
0,0,0,0,0,normal
3,3,3,0,3,normal
11,11,11,1,11,normal
74,74,74,0,74,normal
47,47,47,0,47,normal
51,51,51,0,51,normal
40,40,40,0,40,normal
80,80,80,0,80,normal
60,60,60,0,60,normal
0,0,0,0,0,normal
0,0,0,0,0,normal
0,0,0,0,0,normal
0,0,0,0,0,normal
12,12,12,4,12,normal
37,37,37,0,37,normal
52,52,52,0,52,normal
58,58,58,0,58,normal
30,30,30,0,30,normal
0,0,0,0,0,normal
0,0,0,0,0,normal
0,0,0,0,0,normal
0,0,0,0,0,normal
0,0,0,0,0,normal
3,3,3,0,3,normal
5,5,5,1,5,normal
5,5,5,4,5,normal
48,48,48,0,48,normal
69,69,69,1,69,normal
48,48,48,0,48,normal
19,19,19,0,19,normal
0,0,0,0,0,normal
45,45,45,0,45,normal
46,46,46,0,46,normal
56,56,56,0,56,normal
40,40,40,0,40,normal
16,16,16,0,16,normal
92,92,92,0,92,normal
117,117,117,0,117,hello flood
108,108,108,0,108,hello flood
130,130,130,0,130,hello flood
91,91,91,0,91,normal
103,103,103,0,103,hello flood
74,74,74,0,74,normal
75,75,75,0,75,normal
53,53,53,0,53,normal
103,103,103,0,103,hello flood
107,107,107,0,107,hello flood
93,93,93,0,93,normal
78,78,78,0,78,normal
41,41,41,0,41,normal
0,0,0,0,0,normal
0,0,0,0,0,normal
0,0,0,0,0,normal
0,0,0,0,0,normal
0,0,0,0,0,normal
0,0,0,0,0,normal
0,0,0,0,0,normal
0,0,0,0,0,normal
0,0,0,0,0,normal
0,0,0,0,0,normal
0,0,0,0,0,normal
0,0,0,0,0,normal
0,0,0,0,0,normal
0,0,0,0,0,normal
0,0,0,0,0,normal
0,0,0,0,0,normal
0,0,0,0,0,normal
0,0,0,0,0,normal
0,0,0,0,0,normal
0,0,0,0,0,normal
0,0,0,0,0,normal
0,0,0,0,0,normal
0,0,0,0,0,normal
0,0,0,0,0,normal
6,6,6,0,6,normal
52,52,52,0,52,normal
58,58,58,0,58,normal
44,44,44,0,44,normal
20,20,20,0,20,normal
0,0,0,0,0,normal
0,0,0,0,0,normal
8,8,8,4,8,normal
3,3,3,0,3,normal
5,5,5,4,5,normal
22,22,12,10,22,normal
61,61,51,10,61,normal
61,61,54,8,61,normal
64,64,40,24,64,normal
98,98,32,66,98,normal
10,10,5,5,10,normal
68,68,62,6,68,normal
82,82,76,6,82,normal
94,94,34,60,94,normal
103,103,39,64,103,hello flood
89,89,75,14,89,normal
94,94,48,46,94,normal
95,95,36,59,95,normal
76,76,0,76,76,normal
70,70,0,70,70,normal
51,51,6,47,51,normal
73,73,3,70,73,normal
100,100,0,100,100,normal
101,101,7,94,101,hello flood
97,97,29,68,97,normal
85,85,36,49,85,normal
80,80,40,40,80,normal
79,79,79,0,79,normal
80,80,80,0,80,normal
70,70,70,0,70,normal
87,87,87,0,87,normal
102,102,57,45,102,hello flood
126,126,30,96,126,hello flood
115,115,27,88,115,hello flood
92,92,0,92,92,normal
56,56,5,51,56,normal
83,83,52,31,83,normal
102,102,50,52,102,hello flood
86,86,38,48,86,normal
127,127,36,91,127,hello flood
133,133,0,133,133,hello flood
137,137,0,137,137,hello flood
140,140,0,140,140,hello flood
105,105,0,105,105,hello flood
100,100,0,100,100,normal
78,78,0,78,78,normal
87,87,0,87,87,normal
42,42,1,41,42,normal
60,60,3,57,60,normal
55,55,5,55,55,normal
41,41,0,41,41,normal
44,44,0,44,44,normal
7,7,0,7,7,normal
65,65,0,65,65,normal
62,62,0,62,62,normal
71,71,0,71,71,normal
99,99,0,99,99,normal
73,73,0,73,73,normal
106,106,40,66,106,hello flood
61,61,29,32,61,normal
72,72,28,44,72,normal
70,70,64,6,70,normal
133,133,54,79,133,hello flood
85,85,37,48,85,normal
112,112,4,108,112,hello flood
99,99,9,90,99,normal
144,144,27,117,144,hello flood
124,124,24,100,124,hello flood
95,95,8,87,95,normal
126,126,0,126,126,hello flood
120,120,36,84,120,hello flood
86,86,0,86,86,normal
90,90,29,61,90,normal
81,81,12,69,81,normal
94,94,47,47,94,normal
84,84,8,76,84,normal
94,94,1,93,94,normal
118,118,45,73,118,hello flood
116,116,64,52,116,hello flood
68,68,29,39,68,normal
116,116,43,73,116,hello flood
131,131,31,100,131,hello flood
107,107,15,92,107,hello flood
116,116,13,103,116,hello flood
97,97,40,57,97,normal
129,129,14,115,129,hello flood
111,111,1,110,111,hello flood
132,132,35,97,132,hello flood
109,109,0,109,109,hello flood
70,70,0,70,70,normal
115,115,0,115,115,hello flood
93,93,5,88,93,normal
84,84,24,60,84,normal
61,61,8,53,61,normal
99,99,35,64,99,normal
59,59,1,58,59,normal
88,88,43,46,88,normal
74,74,28,46,74,normal
82,82,5,77,82,normal
84,84,36,48,84,normal
107,107,0,107,107,hello flood
117,117,0,117,117,hello flood
115,115,0,115,115,hello flood
119,119,0,119,119,hello flood
111,111,0,111,111,hello flood
78,78,0,78,78,normal
70,70,0,70,70,normal
78,78,0,78,78,normal
110,110,0,110,110,hello flood
125,125,0,125,125,hello flood
88,88,2,86,88,normal
63,63,2,61,63,normal
97,97,32,65,97,normal
120,120,36,84,120,hello flood
108,108,1,107,108,hello flood
89,89,35,54,89,normal
97,97,38,59,97,normal
131,131,19,112,131,hello flood
141,141,15,126,141,hello flood
118,118,0,118,118,hello flood
155,155,0,155,155,hello flood
155,155,0,155,155,hello flood
160,160,0,160,160,hello flood
120,120,0,120,120,hello flood
106,106,0,106,106,hello flood
105,105,0,105,105,hello flood
152,152,0,152,152,hello flood
129,129,36,93,129,hello flood
164,164,39,125,164,hello flood
98,98,13,85,98,normal
165,165,26,139,165,hello flood
124,124,33,91,124,hello flood
87,87,33,54,87,normal
155,155,0,155,155,hello flood
126,126,0,126,126,hello flood
118,118,0,118,118,hello flood
120,120,5,116,120,hello flood
111,111,0,111,111,hello flood
104,104,0,104,104,hello flood
79,79,0,79,79,normal
102,102,0,102,102,hello flood
117,117,0,117,117,hello flood
127,127,0,127,127,hello flood
118,118,0,118,118,hello flood
110,110,0,110,110,hello flood
121,121,0,121,121,hello flood
138,138,0,138,138,hello flood
118,118,0,118,118,hello flood
121,121,0,121,121,hello flood
114,114,0,114,114,hello flood
110,110,0,110,110,hello flood
123,123,0,123,123,hello flood
107,107,0,107,107,hello flood
88,88,0,88,88,normal
140,140,0,140,140,hello flood
104,104,2,102,104,hello flood
129,129,2,127,129,hello flood
80,80,5,76,80,normal
118,118,22,96,118,hello flood
103,103,11,92,103,hello flood
137,137,36,101,137,hello flood
96,96,4,92,96,normal
118,118,17,101,118,hello flood
124,124,15,109,124,hello flood
140,140,36,104,140,hello flood
107,107,6,101,107,hello flood
139,139,3,136,139,hello flood
110,110,33,77,110,hello flood
128,128,0,128,128,hello flood
110,110,0,110,110,hello flood
90,90,0,90,90,normal
94,94,0,94,94,normal
95,95,0,95,95,normal
110,110,4,106,110,hello flood
89,89,5,84,89,normal
82,82,29,53,82,normal
95,95,37,58,95,normal
77,77,13,64,77,normal
56,56,56,0,56,normal
79,79,21,58,79,normal
93,93,15,78,93,normal
84,84,0,84,84,normal
18,18,4,14,18,normal
39,39,2,39,39,normal
42,42,8,42,42,normal
36,36,1,36,36,normal
59,59,0,59,59,normal
73,73,0,73,73,normal
61,61,0,61,61,normal
54,54,0,54,54,normal
70,70,0,70,70,normal
71,71,0,71,71,normal
88,88,0,88,88,normal
88,88,0,88,88,normal
70,70,0,70,70,normal
68,68,19,57,68,normal
126,126,11,125,126,hello flood
79,79,13,70,79,normal
45,45,1,45,45,normal
110,110,3,110,110,hello flood
62,62,4,62,62,normal
58,58,2,56,58,normal
115,115,25,90,115,hello flood
59,59,4,59,59,normal
81,81,0,81,81,normal
64,64,8,60,64,normal
31,31,0,31,31,normal
65,65,0,65,65,normal
42,42,0,42,42,normal
47,47,0,47,47,normal
58,58,0,58,58,normal
54,54,0,54,54,normal
16,16,0,16,16,normal
76,76,2,74,76,normal
68,68,6,66,68,normal
48,48,10,48,48,normal
50,50,1,50,50,normal
33,33,0,33,33,normal
70,70,0,70,70,normal
63,63,0,63,63,normal
46,46,6,43,46,normal
28,28,1,28,28,normal
51,51,0,51,51,normal
49,49,0,49,49,normal
34,34,0,34,34,normal
48,48,0,48,48,normal
58,58,0,58,58,normal
30,30,0,30,30,normal
47,47,0,47,47,normal
33,33,0,33,33,normal
25,25,5,21,25,normal
28,28,0,28,28,normal
35,35,0,35,35,normal
17,17,1,16,17,normal
11,11,8,7,11,normal
39,39,0,39,39,normal
37,37,0,37,37,normal
42,42,14,38,42,normal
1,1,1,1,1,normal
29,29,0,29,29,normal
5,5,5,1,5,normal
36,36,7,32,36,normal
41,41,8,41,41,normal
0,0,0,0,0,normal
17,17,0,17,17,normal
11,11,1,10,11,normal
37,37,0,37,37,normal
11,11,7,7,11,normal
42,42,5,39,42,normal
23,23,4,23,23,normal
27,27,0,27,27,normal
3,3,3,3,3,normal
12,12,12,8,12,normal
31,31,2,29,31,normal
34,34,2,32,34,normal
19,19,7,19,19,normal
12,12,0,12,12,normal
64,64,0,64,64,normal
3,3,0,3,3,normal
18,18,0,18,18,normal
11,11,0,11,11,normal
18,18,4,15,18,normal
6,6,0,6,6,normal
1,1,1,0,1,normal
0,0,0,0,0,normal
0,0,0,0,0,normal
1,1,1,1,1,normal
10,10,10,6,10,normal
10,10,10,10,10,normal
9,9,9,5,9,normal
20,20,15,16,20,normal
45,45,0,45,45,normal
37,37,0,37,37,normal
0,0,0,0,0,normal
33,33,0,33,33,normal
12,12,8,8,12,normal
16,16,0,16,16,normal
0,0,0,0,0,normal
9,9,9,5,9,normal
0,0,0,0,0,normal
0,0,0,0,0,normal
0,0,0,0,0,normal
3,3,3,1,3,normal
18,18,18,9,18,normal
10,10,10,10,10,normal
0,0,0,0,0,normal
0,0,0,0,0,normal
1,1,1,0,1,normal
7,7,7,4,7,normal
1,1,0,1,1,normal
33,33,5,29,33,normal
0,0,0,0,0,normal
0,0,0,0,0,normal
5,5,5,1,5,normal
4,4,0,4,4,normal
28,28,4,24,28,normal
36,36,19,36,36,normal
22,22,9,19,22,normal
14,14,1,14,14,normal
0,0,0,0,0,normal
2,2,2,2,2,normal
14,14,8,10,14,normal
54,54,8,54,54,normal
31,31,0,31,31,normal
3,3,1,2,3,normal
16,16,2,14,16,normal
22,22,1,22,22,normal
3,3,3,3,3,normal
15,15,15,12,15,normal
10,10,10,6,10,normal
11,11,11,7,11,normal
29,29,0,29,29,normal
4,4,1,3,4,normal
26,26,0,26,26,normal
29,29,0,29,29,normal
0,0,0,0,0,normal
0,0,0,0,0,normal
31,31,0,31,31,normal
13,13,2,13,13,normal
27,27,11,24,27,normal
30,30,1,30,30,normal
14,14,0,14,14,normal
9,9,0,9,9,normal
13,13,11,10,13,normal
7,7,7,3,7,normal
13,13,10,13,13,normal
12,12,0,12,12,normal
18,18,13,14,18,normal
1,1,1,1,1,normal
0,0,0,0,0,normal
7,7,7,4,7,normal
0,0,0,0,0,normal
3,3,0,3,3,normal
13,13,2,13,13,normal
21,21,6,17,21,normal
23,23,18,20,23,normal
23,23,0,23,23,normal
30,30,0,30,30,normal
30,30,1,30,30,normal
8,8,6,5,8,normal
32,32,3,29,32,normal
20,20,6,15,20,normal
18,18,11,18,18,normal
22,22,0,22,22,normal
6,6,0,6,6,normal
12,12,12,8,12,normal
4,4,4,4,4,normal
0,0,0,0,0,normal
0,0,0,0,0,normal
0,0,0,0,0,normal
2,2,2,2,2,normal
20,20,20,12,20,normal
11,11,11,10,11,normal
2,2,2,2,2,normal
9,9,9,5,9,normal
13,13,13,10,13,normal
4,4,4,1,4,normal
2,2,2,1,2,normal
15,15,15,12,15,normal
0,0,0,0,0,normal
0,0,0,0,0,normal
13,13,13,7,13,normal
3,3,3,1,3,normal
11,11,8,11,11,normal
5,5,1,4,5,normal
22,22,0,22,22,normal
0,0,0,0,0,normal
0,0,0,0,0,normal
0,0,0,0,0,normal
9,9,5,5,9,normal
0,0,0,0,0,normal
0,0,0,0,0,normal
1,1,1,0,1,normal
0,0,0,0,0,normal
4,4,4,1,4,normal
10,10,10,7,10,normal
10,10,5,6,10,normal
18,18,0,18,18,normal
6,6,0,6,6,normal
0,0,0,0,0,normal
9,9,9,5,9,normal
2,2,2,2,2,normal
12,12,12,8,12,normal
2,2,2,2,2,normal
8,8,8,4,8,normal
5,5,5,5,5,normal
0,0,0,0,0,normal
1,1,1,1,1,normal
13,13,13,9,13,normal
9,9,9,5,9,normal
0,0,0,0,0,normal
5,5,0,5,5,normal
29,29,5,24,29,normal
16,16,12,12,16,normal
20,20,1,20,20,normal
24,24,18,16,24,normal
15,15,15,15,15,normal
1,1,1,1,1,normal
0,0,0,0,0,normal
0,0,0,0,0,normal
0,0,0,0,0,normal
0,0,0,0,0,normal
11,11,11,7,11,normal
0,0,0,0,0,normal
2,2,0,2,2,normal
12,12,3,9,12,normal
10,10,5,10,10,normal
0,0,0,0,0,normal
0,0,0,0,0,normal
2,2,2,0,2,normal
9,9,9,4,9,normal
4,4,4,4,4,normal
9,9,9,5,9,normal
1,1,1,1,1,normal
1,1,1,0,1,normal
5,5,0,5,5,normal
32,32,5,28,32,normal
23,23,0,23,23,normal
3,3,0,3,3,normal
0,0,0,0,0,normal
7,7,5,2,7,normal
20,20,8,20,20,normal
14,14,9,11,14,normal
4,4,4,4,4,normal
29,29,0,29,29,normal
29,29,0,29,29,normal
2,2,0,2,2,normal
11,11,1,10,11,normal
36,36,0,36,36,normal
1,1,0,1,1,normal
4,4,4,1,4,normal
29,29,0,29,29,normal
0,0,0,0,0,normal
1,1,1,1,1,normal
18,18,18,14,18,normal
1,1,1,1,1,normal
0,0,0,0,0,normal
5,5,5,1,5,normal
4,4,0,4,4,normal
26,26,1,25,26,normal
10,10,10,8,10,normal
1,1,0,1,1,normal
26,26,9,22,26,normal
24,24,19,20,24,normal
43,43,5,39,43,normal
18,18,3,15,18,normal
1,1,1,0,1,normal
11,11,11,10,11,normal
1,1,1,0,1,normal
0,0,0,0,0,normal
0,0,0,0,0,normal
1,1,0,1,1,normal
28,28,0,28,28,normal
17,17,17,13,17,normal
10,10,10,4,10,normal
11,11,11,11,11,normal
0,0,0,0,0,normal
2,2,0,2,2,normal
29,29,0,29,29,normal
27,27,0,27,27,normal
2,2,0,2,2,normal
25,25,0,25,25,normal
20,20,7,17,20,normal
33,33,8,25,33,normal
15,15,14,11,15,normal
21,21,21,17,21,normal
1,1,0,1,1,normal
11,11,0,11,11,normal
8,8,0,8,8,normal
0,0,0,0,0,normal
0,0,0,0,0,normal
8,8,0,8,8,normal
5,5,5,1,5,normal
0,0,0,0,0,normal
0,0,0,0,0,normal
13,13,13,10,13,normal
0,0,0,0,0,normal
4,4,4,0,4,normal
4,4,4,4,4,normal
2,2,2,2,2,normal
11,11,11,8,11,normal
43,43,11,40,43,normal
4,4,4,4,4,normal
1,1,0,1,1,normal
1,1,0,1,1,normal
1,1,0,1,1,normal
10,10,10,7,10,normal
3,3,3,0,3,normal
13,13,13,13,13,normal
9,9,9,4,9,normal
2,2,2,0,2,normal
13,13,13,9,13,normal
17,17,17,13,17,normal
11,11,10,8,11,normal
7,7,0,7,7,normal
0,0,0,0,0,normal
9,9,9,5,9,normal
1,1,0,1,1,normal
9,9,1,8,9,normal
2,2,2,2,2,normal
11,11,11,6,11,normal
30,30,1,30,30,normal
2,2,2,2,2,normal
12,12,12,8,12,normal
1,1,1,1,1,normal
1,1,0,1,1,normal
18,18,0,18,18,normal
27,27,0,27,27,normal
41,41,0,41,41,normal
0,0,0,0,0,normal
7,7,7,4,7,normal
35,35,1,34,35,normal
27,27,0,27,27,normal
7,7,2,7,7,normal
14,14,14,5,14,normal
12,12,12,9,12,normal
19,19,13,15,19,normal
0,0,0,0,0,normal
5,5,5,1,5,normal
7,7,0,7,7,normal
9,9,9,5,9,normal
0,0,0,0,0,normal
0,0,0,0,0,normal
0,0,0,0,0,normal
14,14,14,11,14,normal
0,0,0,0,0,normal
8,8,8,4,8,normal
8,8,0,8,8,normal
0,0,0,0,0,normal
0,0,0,0,0,normal
5,5,5,1,5,normal
11,11,11,7,11,normal
24,24,24,18,24,normal
15,15,15,15,15,normal
1,1,0,1,1,normal
3,3,3,0,3,normal
15,15,8,15,15,normal
13,13,13,10,13,normal
0,0,0,0,0,normal
51,51,23,41,51,normal
18,18,18,18,18,normal
2,2,2,2,2,normal
16,16,0,16,16,normal
5,5,5,1,5,normal
0,0,0,0,0,normal
5,5,0,5,5,normal
0,0,0,0,0,normal
10,10,0,10,10,normal
0,0,0,0,0,normal
4,4,4,1,4,normal
10,10,0,10,10,normal
1,1,1,0,1,normal
0,0,0,0,0,normal
0,0,0,0,0,normal
0,0,0,0,0,normal
0,0,0,0,0,normal
1,1,1,0,1,normal
2,2,2,0,2,normal
0,0,0,0,0,normal
13,13,5,12,13,normal
0,0,0,0,0,normal
0,0,0,0,0,normal
0,0,0,0,0,normal
2,2,0,2,2,normal
1,1,0,1,1,normal
5,5,0,5,5,normal
0,0,0,0,0,normal
0,0,0,0,0,normal
1,1,1,0,1,normal
5,5,5,1,5,normal
0,0,0,0,0,normal
9,9,0,9,9,normal
0,0,0,0,0,normal
0,0,0,0,0,normal
0,0,0,0,0,normal
2,2,2,2,2,normal
17,17,17,13,17,normal
8,8,8,4,8,normal
4,4,4,4,4,normal
0,0,0,0,0,normal
0,0,0,0,0,normal
1,1,1,1,1,normal
14,14,14,6,14,normal
9,9,9,9,9,normal
19,19,19,15,19,normal
1,1,1,1,1,normal
25,25,0,25,25,normal
0,0,0,0,0,normal
6,6,0,6,6,normal
18,18,0,18,18,normal
13,13,0,13,13,normal
17,17,0,17,17,normal
10,10,0,10,10,normal
7,7,7,4,7,normal
0,0,0,0,0,normal
0,0,0,0,0,normal
4,4,0,4,4,normal
20,20,0,20,20,normal
13,13,0,13,13,normal
0,0,0,0,0,normal
0,0,0,0,0,normal
33,33,4,29,33,normal
9,9,9,5,9,normal
0,0,0,0,0,normal
0,0,0,0,0,normal
23,23,20,19,23,normal
28,28,9,24,28,normal
6,6,1,6,6,normal
7,7,4,3,7,normal
1,1,0,1,1,normal
22,22,7,22,22,normal
8,8,8,4,8,normal
8,8,0,8,8,normal
2,2,2,1,2,normal
22,22,6,19,22,normal
14,14,9,10,14,normal
6,6,2,6,6,normal
6,6,6,3,6,normal
25,25,25,17,25,normal
4,4,4,4,4,normal
23,23,19,20,23,normal
30,30,0,30,30,normal
14,14,0,14,14,normal
40,40,2,38,40,normal
45,45,6,39,45,normal
17,17,11,17,17,normal
0,0,0,0,0,normal
16,16,16,12,16,normal
12,12,4,12,12,normal
0,0,0,0,0,normal
1,1,0,1,1,normal
34,34,0,34,34,normal
0,0,0,0,0,normal
0,0,0,0,0,normal
0,0,0,0,0,normal
1,1,1,0,1,normal
8,8,8,4,8,normal
1,1,1,0,1,normal
0,0,0,0,0,normal
18,18,18,14,18,normal
8,8,8,4,8,normal
36,36,7,36,36,normal
4,4,4,0,4,normal
13,13,13,13,13,normal
4,4,4,0,4,normal
1,1,1,1,1,normal
0,0,0,0,0,normal
2,2,2,2,2,normal
12,12,12,9,12,normal
4,4,4,4,4,normal
0,0,0,0,0,normal
0,0,0,0,0,normal
2,2,2,0,2,normal
17,17,17,10,17,normal
4,4,4,4,4,normal
9,9,9,5,9,normal
0,0,0,0,0,normal
2,2,1,1,2,normal
28,28,0,28,28,normal
0,0,0,0,0,normal
5,5,0,5,5,normal
38,38,0,38,38,normal
29,29,14,26,29,normal
11,11,11,7,11,normal
0,0,0,0,0,normal
0,0,0,0,0,normal
24,24,0,24,24,normal
0,0,0,0,0,normal
12,12,12,4,12,normal
0,0,0,0,0,normal
11,11,11,11,11,normal
0,0,0,0,0,normal
0,0,0,0,0,normal
2,2,2,2,2,normal
20,20,20,13,20,normal
14,14,14,11,14,normal
6,6,6,6,6,normal
12,12,12,4,12,normal
0,0,0,0,0,normal
0,0,0,0,0,normal
0,0,0,0,0,normal
0,0,0,0,0,normal
0,0,0,0,0,normal
0,0,0,0,0,normal
0,0,0,0,0,normal
4,4,4,1,4,normal
1,1,1,0,1,normal
32,32,3,29,32,normal
1,1,1,1,1,normal
0,0,0,0,0,normal
0,0,0,0,0,normal
2,2,0,2,2,normal
27,27,0,27,27,normal
3,3,3,3,3,normal
8,8,6,5,8,normal
20,20,1,20,20,normal
23,23,0,23,23,normal
6,6,0,6,6,normal
17,17,0,17,17,normal
7,7,0,7,7,normal
3,3,0,3,3,normal
17,17,0,17,17,normal
14,14,2,13,14,normal
16,16,2,14,16,normal
13,13,9,9,13,normal
4,4,4,0,4,normal
0,0,0,0,0,normal
0,0,0,0,0,normal
21,21,21,18,21,normal
11,11,11,7,11,normal
64,64,6,60,64,normal
7,7,7,7,7,normal
1,1,1,0,1,normal
0,0,0,0,0,normal
0,0,0,0,0,normal
0,0,0,0,0,normal
0,0,0,0,0,normal
8,8,8,4,8,normal
19,19,19,12,19,normal
4,4,4,0,4,normal
17,17,17,12,17,normal
7,7,7,7,7,normal
0,0,0,0,0,normal
0,0,0,0,0,normal
2,2,2,2,2,normal
18,18,18,11,18,normal
1,1,1,1,1,normal
0,0,0,0,0,normal
1,1,1,1,1,normal
19,19,19,12,19,normal
2,2,2,2,2,normal
19,19,19,14,19,normal
10,10,10,10,10,normal
0,0,0,0,0,normal
29,29,0,29,29,normal
0,0,0,0,0,normal
5,5,5,1,5,normal
4,4,0,4,4,normal
19,19,4,16,19,normal
6,6,5,6,6,normal
12,12,12,5,12,normal
3,3,3,3,3,normal
0,0,0,0,0,normal
0,0,0,0,0,normal
0,0,0,0,0,normal
0,0,0,0,0,normal
0,0,0,0,0,normal
0,0,0,0,0,normal
0,0,0,0,0,normal
0,0,0,0,0,normal
0,0,0,0,0,normal
0,0,0,0,0,normal
0,0,0,0,0,normal
0,0,0,0,0,normal
0,0,0,0,0,normal
0,0,0,0,0,normal
0,0,0,0,0,normal
0,0,0,0,0,normal
0,0,0,0,0,normal
0,0,0,0,0,normal
0,0,0,0,0,normal
0,0,0,0,0,normal
0,0,0,0,0,normal
0,0,0,0,0,normal
0,0,0,0,0,normal
0,0,0,0,0,normal
0,0,0,0,0,normal
1,1,1,1,1,normal
6,6,6,6,6,normal
0,0,0,0,0,normal
15,15,15,11,15,normal
8,8,8,3,8,normal
9,9,9,5,9,normal
14,14,14,8,14,normal
0,0,0,0,0,normal
3,3,3,0,3,normal
3,3,3,2,3,normal
12,12,12,12,12,normal
0,0,0,0,0,normal
0,0,0,0,0,normal
0,0,0,0,0,normal
0,0,0,0,0,normal
23,23,23,19,23,normal
15,15,15,11,15,normal
0,0,0,0,0,normal
0,0,0,0,0,normal
2,2,2,2,2,normal
11,11,11,7,11,normal
4,4,4,4,4,normal
17,17,17,13,17,normal
18,18,18,10,18,normal
14,14,11,14,14,normal
10,10,7,6,10,normal
9,9,8,6,9,normal
2,2,0,2,2,normal
5,5,1,5,5,normal
20,20,13,15,20,normal
9,9,1,8,9,normal
12,12,12,8,12,normal
6,6,0,6,6,normal
0,0,0,0,0,normal
8,8,0,8,8,normal
0,0,0,0,0,normal
1,1,1,0,1,normal
13,13,13,6,13,normal
0,0,0,0,0,normal
0,0,0,0,0,normal
0,0,0,0,0,normal
0,0,0,0,0,normal
0,0,0,0,0,normal
1,1,1,0,1,normal
10,10,10,8,10,normal
15,15,15,11,15,normal
0,0,0,0,0,normal
5,5,5,1,5,normal
0,0,0,0,0,normal
0,0,0,0,0,normal
0,0,0,0,0,normal
1,1,1,0,1,normal
0,0,0,0,0,normal
0,0,0,0,0,normal
0,0,0,0,0,normal
2,2,2,0,2,normal
13,13,13,7,13,normal
11,11,11,11,11,normal
16,16,16,13,16,normal
1,1,1,1,1,normal
7,7,7,3,7,normal
0,0,0,0,0,normal
8,8,8,4,8,normal
2,2,2,0,2,normal
9,9,9,8,9,normal
21,21,21,17,21,normal
10,10,10,6,10,normal
6,6,6,2,6,normal
10,10,10,10,10,normal
1,1,1,0,1,normal
0,0,0,0,0,normal
6,6,6,1,6,normal
0,0,0,0,0,normal
0,0,0,0,0,normal
0,0,0,0,0,normal
7,7,7,4,7,normal
1,1,1,1,1,normal
9,9,9,6,9,normal
3,3,3,3,3,normal
0,0,0,0,0,normal
15,15,15,12,15,normal
0,0,0,0,0,normal
0,0,0,0,0,normal
11,11,11,7,11,normal
0,0,0,0,0,normal
0,0,0,0,0,normal
0,0,0,0,0,normal
0,0,0,0,0,normal
17,17,17,5,17,normal
8,8,8,8,8,normal
0,0,0,0,0,normal
0,0,0,0,0,normal
3,3,3,1,3,normal
4,4,4,2,4,normal
4,4,4,4,4,normal
0,0,0,0,0,normal
9,9,9,4,9,normal
0,0,0,0,0,normal
0,0,0,0,0,normal
8,8,0,8,8,normal
0,0,0,0,0,normal
5,5,5,1,5,normal
0,0,0,0,0,normal
19,19,19,15,19,normal
8,8,0,8,8,normal
7,7,7,4,7,normal
0,0,0,0,0,normal
0,0,0,0,0,normal
0,0,0,0,0,normal
0,0,0,0,0,normal
15,15,15,11,15,normal
1,1,1,1,1,normal
21,21,21,13,21,normal
16,16,16,9,16,normal
0,0,0,0,0,normal
3,3,0,3,3,normal
6,6,0,6,6,normal
0,0,0,0,0,normal
0,0,0,0,0,normal
0,0,0,0,0,normal
21,21,21,17,21,normal
13,13,13,6,13,normal
5,5,5,5,5,normal
17,17,17,13,17,normal
1,1,1,1,1,normal
0,0,0,0,0,normal
5,5,5,2,5,normal
2,2,2,2,2,normal
0,0,0,0,0,normal
1,1,1,0,1,normal
16,16,16,14,16,normal
4,4,4,1,4,normal
0,0,0,0,0,normal
0,0,0,0,0,normal
8,8,0,8,8,normal
1,1,1,0,1,normal
1,1,1,1,1,normal
7,7,7,3,7,normal
9,9,8,9,9,normal
9,9,0,9,9,normal
0,0,0,0,0,normal
1,1,1,0,1,normal
3,3,3,0,3,normal
8,8,8,8,8,normal
20,20,20,16,20,normal
0,0,0,0,0,normal
0,0,0,0,0,normal
0,0,0,0,0,normal
0,0,0,0,0,normal
0,0,0,0,0,normal
0,0,0,0,0,normal
0,0,0,0,0,normal
5,5,5,1,5,normal
0,0,0,0,0,normal
0,0,0,0,0,normal
7,7,7,4,7,normal
18,18,2,16,18,normal
18,18,15,5,18,normal
20,20,3,20,20,normal
19,19,18,19,19,normal
10,10,1,9,10,normal
13,13,8,9,13,normal
42,42,0,42,42,normal
18,18,11,15,18,normal
21,21,0,21,21,normal
68,68,0,68,68,normal
51,51,0,51,51,normal
61,61,0,61,61,normal
69,69,0,69,69,normal
79,79,0,79,79,normal
72,72,0,72,72,normal
78,78,0,78,78,normal
80,80,4,76,80,normal
102,102,1,101,102,hello flood
68,68,3,68,68,normal
76,76,14,76,76,normal
50,50,42,50,50,normal
43,43,36,43,43,normal
65,65,32,65,65,normal
68,68,28,68,68,normal
84,84,1,84,84,normal
76,76,10,72,76,normal
90,90,1,90,90,normal
71,71,0,71,71,normal
45,45,0,45,45,normal
59,59,11,55,59,normal
84,84,0,84,84,normal
61,61,0,61,61,normal
59,59,0,59,59,normal
35,35,0,35,35,normal
5,5,0,5,5,normal
25,25,0,25,25,normal
39,39,0,39,39,normal
72,72,0,72,72,normal
55,55,0,55,55,normal
64,64,0,64,64,normal
69,69,1,68,69,normal
73,73,0,73,73,normal
79,79,0,79,79,normal
73,73,0,73,73,normal
64,64,0,64,64,normal
77,77,2,77,77,normal
79,79,18,72,79,normal
23,23,2,23,23,normal
29,29,8,25,29,normal
83,83,0,83,83,normal
76,76,5,72,76,normal
52,52,0,52,52,normal
53,53,0,53,53,normal
32,32,14,28,32,normal
45,45,4,45,45,normal
84,84,8,80,84,normal
52,52,15,47,52,normal
68,68,1,68,68,normal
92,92,0,92,92,normal
72,72,7,68,72,normal
74,74,5,74,74,normal
68,68,18,64,68,normal
60,60,0,60,60,normal
15,15,0,15,15,normal
76,76,0,76,76,normal
68,68,0,68,68,normal
77,77,5,72,77,normal
76,76,72,4,76,normal
58,58,49,9,58,normal
63,63,54,9,63,normal
52,52,0,52,52,normal
60,60,4,57,60,normal
72,72,0,72,72,normal
67,67,11,64,67,normal
88,88,0,88,88,normal
70,70,0,70,70,normal
71,71,0,71,71,normal
81,81,0,81,81,normal
24,24,9,20,24,normal
59,59,8,55,59,normal
89,89,0,89,89,normal
60,60,2,58,60,normal
54,54,5,53,54,normal
3,3,3,0,3,normal
10,10,1,9,10,normal
57,57,12,53,57,normal
40,40,32,8,40,normal
58,58,50,8,58,normal
71,71,26,45,71,normal
79,79,26,53,79,normal
65,65,42,25,65,normal
52,52,16,44,52,normal
65,65,36,29,65,normal
50,50,0,50,50,normal
2,2,0,2,2,normal
70,70,0,70,70,normal
51,51,0,51,51,normal
84,84,2,84,84,normal
54,54,10,51,54,normal
7,7,7,7,7,normal
6,6,0,6,6,normal
25,25,0,25,25,normal
73,73,0,73,73,normal
88,88,0,88,88,normal
68,68,3,68,68,normal
53,53,5,50,53,normal
16,16,14,13,16,normal
46,46,3,44,46,normal
64,64,12,58,64,normal
66,66,12,66,66,normal
84,84,3,84,84,normal
21,21,19,10,21,normal
35,35,9,35,35,normal
24,24,0,24,24,normal
32,32,3,29,32,normal
9,9,9,5,9,normal
8,8,8,8,8,normal
6,6,4,6,6,normal
8,8,0,8,8,normal
63,63,0,63,63,normal
21,21,0,21,21,normal
103,103,0,103,103,hello flood
57,57,0,57,57,normal
51,51,0,51,51,normal
61,61,0,61,61,normal
34,34,8,30,34,normal
13,13,4,13,13,normal
18,18,0,18,18,normal
14,14,8,10,14,normal
16,16,0,16,16,normal
1,1,0,1,1,normal
0,0,0,0,0,normal
10,10,1,9,10,normal
15,15,0,15,15,normal
24,24,0,24,24,normal
13,13,0,13,13,normal
16,16,8,12,16,normal
32,32,3,29,32,normal
1,1,1,0,1,normal
5,5,5,5,5,normal
0,0,0,0,0,normal
30,30,10,27,30,normal
5,5,5,1,5,normal
1,1,1,1,1,normal
8,8,8,1,8,normal
9,9,0,9,9,normal
37,37,0,37,37,normal
6,6,0,6,6,normal
14,14,0,14,14,normal
17,17,0,17,17,normal
13,13,2,12,13,normal
25,25,13,21,25,normal
29,29,29,25,29,normal
4,4,0,4,4,normal
18,18,0,18,18,normal
1,1,0,1,1,normal
0,0,0,0,0,normal
9,9,9,5,9,normal
13,13,9,13,13,normal
14,14,0,14,14,normal
11,11,0,11,11,normal
0,0,0,0,0,normal
0,0,0,0,0,normal
4,4,0,4,4,normal
7,7,0,7,7,normal
18,18,0,18,18,normal
18,18,18,15,18,normal
11,11,11,7,11,normal
2,2,0,2,2,normal
10,10,4,9,10,normal
18,18,13,14,18,normal
18,18,4,18,18,normal
7,7,0,7,7,normal
16,16,0,16,16,normal
8,8,8,5,8,normal
20,20,7,17,20,normal
17,17,0,17,17,normal
20,20,12,16,20,normal
17,17,0,17,17,normal
7,7,1,6,7,normal
8,8,1,8,8,normal
25,25,15,22,25,normal
38,38,0,38,38,normal
1,1,1,0,1,normal
0,0,0,0,0,normal
2,2,0,2,2,normal
23,23,0,23,23,normal
18,18,0,18,18,normal
11,11,0,11,11,normal
0,0,0,0,0,normal
0,0,0,0,0,normal
0,0,0,0,0,normal
19,19,0,19,19,normal
1,1,0,1,1,normal
5,5,5,1,5,normal
0,0,0,0,0,normal
0,0,0,0,0,normal
0,0,0,0,0,normal
0,0,0,0,0,normal
0,0,0,0,0,normal
4,4,4,0,4,normal
6,6,6,5,6,normal
17,17,17,13,17,normal
17,17,17,13,17,normal
15,15,15,7,15,normal
42,42,7,42,42,normal
9,9,5,5,9,normal
32,32,5,28,32,normal
22,22,10,22,22,normal
3,3,3,3,3,normal
11,11,7,8,11,normal
17,17,1,17,17,normal
11,11,1,11,11,normal
18,18,18,15,18,normal
1,1,1,1,1,normal
23,23,23,15,23,normal
0,0,0,0,0,normal
4,4,4,1,4,normal
12,12,12,9,12,normal
12,12,12,5,12,normal
11,11,11,11,11,normal
18,18,18,14,18,normal
29,29,0,29,29,normal
0,0,0,0,0,normal
0,0,0,0,0,normal
0,0,0,0,0,normal
15,15,3,15,15,normal
29,29,16,20,29,normal
1,1,1,1,1,normal
1,1,1,1,1,normal
18,18,18,11,18,normal
7,7,7,7,7,normal
29,29,0,29,29,normal
1,1,1,0,1,normal
8,8,8,4,8,normal
19,19,19,11,19,normal
5,5,5,1,5,normal
1,1,1,1,1,normal
12,12,12,9,12,normal
8,8,8,8,8,normal
5,5,5,1,5,normal
0,0,0,0,0,normal
1,1,1,1,1,normal
16,16,16,12,16,normal
26,26,26,19,26,normal
5,5,5,5,5,normal
0,0,0,0,0,normal
10,10,10,7,10,normal
0,0,0,0,0,normal
2,2,2,2,2,normal
6,6,6,2,6,normal
6,6,6,6,6,normal
0,0,0,0,0,normal
0,0,0,0,0,normal
5,5,5,1,5,normal
20,20,20,15,20,normal
16,16,11,12,16,normal
19,19,8,16,19,normal
42,42,0,42,42,normal
4,4,0,4,4,normal
40,40,0,40,40,normal
1,1,0,1,1,normal
5,5,0,5,5,normal
9,9,2,9,9,normal
16,16,16,8,16,normal
9,9,9,9,9,normal
0,0,0,0,0,normal
8,8,8,4,8,normal
0,0,0,0,0,normal
0,0,0,0,0,normal
4,4,0,4,4,normal
25,25,0,25,25,normal
29,29,0,29,29,normal
2,2,0,2,2,normal
19,19,1,19,19,normal
11,11,6,8,11,normal
41,41,8,41,41,normal
15,15,0,15,15,normal
3,3,3,3,3,normal
18,18,15,12,18,normal
29,29,16,29,29,normal
15,15,14,11,15,normal
2,2,2,2,2,normal
9,9,9,5,9,normal
11,11,11,11,11,normal
0,0,0,0,0,normal
0,0,0,0,0,normal
0,0,0,0,0,normal
2,2,2,0,2,normal
27,27,27,21,27,normal
4,4,4,4,4,normal
18,18,18,14,18,normal
11,11,11,4,11,normal
4,4,4,4,4,normal
2,2,0,2,2,normal
22,22,0,22,22,normal
5,5,0,5,5,normal
0,0,0,0,0,normal
0,0,0,0,0,normal
24,24,0,24,24,normal
14,14,11,10,14,normal
35,35,9,35,35,normal
0,0,0,0,0,normal
0,0,0,0,0,normal
2,2,0,2,2,normal
14,14,11,10,14,normal
26,26,0,26,26,normal
3,3,3,3,3,normal
5,5,4,1,5,normal
4,4,4,4,4,normal
4,4,4,1,4,normal
0,0,0,0,0,normal
0,0,0,0,0,normal
6,6,6,1,6,normal
0,0,0,0,0,normal
0,0,0,0,0,normal
0,0,0,0,0,normal
11,11,3,11,11,normal
7,7,7,3,7,normal
1,1,1,1,1,normal
6,6,6,3,6,normal
15,15,15,11,15,normal
6,6,1,6,6,normal
5,5,0,5,5,normal
0,0,0,0,0,normal
8,8,8,4,8,normal
0,0,0,0,0,normal
8,8,8,4,8,normal
0,0,0,0,0,normal
0,0,0,0,0,normal
0,0,0,0,0,normal
6,6,6,1,6,normal
3,3,3,3,3,normal
5,5,5,1,5,normal
1,1,1,1,1,normal
11,11,11,7,11,normal
0,0,0,0,0,normal
29,29,0,29,29,normal
12,12,12,7,12,normal
3,3,3,0,3,normal
4,4,4,4,4,normal
10,10,10,7,10,normal
13,13,5,13,13,normal
13,13,13,9,13,normal
6,6,6,2,6,normal
0,0,0,0,0,normal
0,0,0,0,0,normal
0,0,0,0,0,normal
15,15,15,11,15,normal
11,11,11,8,11,normal
11,11,11,7,11,normal
0,0,0,0,0,normal
8,8,0,8,8,normal
0,0,0,0,0,normal
7,7,7,4,7,normal
0,0,0,0,0,normal
1,1,1,1,1,normal
18,18,18,14,18,normal
8,8,8,4,8,normal
0,0,0,0,0,normal
0,0,0,0,0,normal
6,6,0,6,6,normal
13,13,0,13,13,normal
10,10,0,10,10,normal
11,11,11,7,11,normal
0,0,0,0,0,normal
1,1,1,1,1,normal
20,20,20,16,20,normal
0,0,0,0,0,normal
10,10,10,6,10,normal
11,11,11,6,11,normal
11,11,11,6,11,normal
19,19,19,19,19,normal
14,14,14,10,14,normal
3,3,1,3,3,normal
23,23,18,19,23,normal
8,8,0,8,8,normal
0,0,0,0,0,normal
4,4,0,4,4,normal
9,9,4,5,9,normal
4,4,4,4,4,normal
1,1,1,0,1,normal
0,0,0,0,0,normal
0,0,0,0,0,normal
4,4,4,1,4,normal
3,3,3,3,3,normal
13,13,13,5,13,normal
1,1,1,1,1,normal
0,0,0,0,0,normal
0,0,0,0,0,normal
4,4,0,4,4,normal
25,25,0,25,25,normal
1,1,1,1,1,normal
10,10,10,6,10,normal
1,1,1,0,1,normal
15,15,5,11,15,normal
12,12,0,12,12,normal
4,4,0,4,4,normal
16,16,8,12,16,normal
0,0,0,0,0,normal
27,27,12,21,27,normal
14,14,14,10,14,normal
10,10,0,10,10,normal
7,7,1,6,7,normal
28,28,7,25,28,normal
31,31,14,27,31,normal
17,17,9,17,17,normal
3,3,0,3,3,normal
6,6,1,6,6,normal
16,16,8,12,16,normal
3,3,3,3,3,normal
13,13,13,10,13,normal
1,1,0,1,1,normal
18,18,11,14,18,normal
6,6,6,2,6,normal
14,14,14,14,14,normal
0,0,0,0,0,normal
28,28,15,24,28,normal
10,10,0,10,10,normal
23,23,1,22,23,normal
17,17,14,14,17,normal
18,18,0,18,18,normal
20,20,1,19,20,normal
17,17,3,17,17,normal
9,9,0,9,9,normal
1,1,1,1,1,normal
14,14,14,10,14,normal
5,5,5,5,5,normal
12,12,12,8,12,normal
10,10,10,6,10,normal
46,46,17,43,46,normal
15,15,12,11,15,normal
16,16,1,16,16,normal
24,24,1,23,24,normal
5,5,5,2,5,normal
45,45,3,45,45,normal
13,13,0,13,13,normal
13,13,0,13,13,normal
6,6,0,6,6,normal
16,16,0,16,16,normal
10,10,0,10,10,normal
