dst,cid,dci,next,pattern,class
23,23,0,23,29,normal
0,0,0,0,94,normal
0,0,0,0,121,normal
8,8,0,8,98,normal
28,28,0,28,45,normal
31,31,0,31,31,normal
44,44,0,44,44,normal
47,47,0,47,47,normal
43,43,0,43,43,normal
32,32,0,32,32,normal
72,72,0,72,72,normal
65,65,0,65,65,normal
60,60,0,60,60,normal
95,95,0,95,95,normal
58,58,0,58,58,normal
62,62,0,62,62,normal
50,50,0,50,50,normal
81,81,0,81,81,normal
88,88,0,88,88,normal
33,33,0,33,33,normal
38,38,0,38,38,normal
64,64,0,64,64,normal
46,46,0,46,46,normal
52,52,0,52,52,normal
51,51,0,51,51,normal
40,40,0,40,40,normal
42,42,0,42,42,normal
54,54,0,54,54,normal
25,25,0,25,25,normal
10,10,0,10,10,normal
1,1,0,1,1,normal
36,36,0,36,36,normal
27,27,0,27,27,normal
29,29,0,29,29,normal
11,11,0,11,11,normal
35,35,0,35,35,normal
57,57,0,57,57,normal
34,34,0,34,34,normal
45,45,0,45,45,normal
21,21,0,21,21,normal
59,59,0,59,59,normal
24,24,0,24,24,normal
8,8,0,8,8,normal
26,26,0,26,26,normal
3,3,0,3,3,normal
0,0,0,0,0,normal
19,19,0,19,19,normal
6,6,0,6,6,normal
41,41,0,41,41,normal
14,14,0,14,14,normal
23,23,0,23,23,normal
30,30,0,30,30,normal
18,18,0,18,18,normal
13,13,5,9,13,sinkhole
8,8,4,5,8,normal
15,15,1,14,15,normal
32,32,4,28,32,sinkhole
23,23,8,20,23,normal
6,6,6,3,6,normal
12,12,2,11,12,normal
5,5,5,1,5,normal
1,1,1,0,1,normal
9,9,5,5,9,normal
4,4,0,4,4,normal
7,7,0,7,7,normal
23,23,1,23,23,normal
4,4,4,0,4,normal
4,4,4,1,4,normal
2,2,2,0,2,normal
5,5,0,5,5,normal
28,28,4,24,28,sinkhole
2,2,2,1,2,normal
17,17,0,17,17,normal
22,22,6,17,22,normal
28,28,0,28,28,normal
11,11,5,7,11,sinkhole
27,27,6,23,27,normal
14,14,8,11,14,normal
13,13,0,13,13,normal
15,15,0,15,15,normal
12,12,0,12,12,normal
12,12,3,10,12,sinkhole
20,20,0,20,20,normal
49,49,0,49,49,normal
33,33,1,32,33,normal
22,22,0,22,22,normal
15,15,5,11,15,sinkhole
3,3,2,1,3,normal
10,10,10,2,10,normal
27,27,4,23,27,sinkhole
25,25,1,25,25,normal
8,8,3,8,8,normal
18,18,5,14,18,sinkhole
5,5,1,4,5,normal
8,8,8,2,8,normal
2,2,2,2,2,normal
3,3,3,2,3,normal
3,3,3,1,3,normal
3,3,3,3,3,normal
3,3,3,0,3,normal
6,6,6,2,6,normal
26,26,3,26,26,sinkhole
9,9,3,7,9,normal
9,9,0,9,9,normal
17,17,5,13,17,sinkhole
9,9,4,6,9,normal
31,31,2,29,31,normal
10,10,4,6,10,normal
24,24,1,24,24,normal
10,10,1,9,10,normal
21,21,1,20,21,normal
18,18,8,14,18,normal
48,48,0,48,48,normal
21,21,5,17,21,sinkhole
2,2,0,2,2,normal
4,4,4,4,4,normal
10,10,2,8,10,normal
17,17,11,8,17,normal
4,4,1,3,4,normal
11,11,5,10,11,sinkhole
34,34,5,30,34,sinkhole
16,16,0,16,16,normal
6,6,1,5,6,normal
4,4,3,2,4,normal
9,9,2,7,9,normal
16,16,3,13,16,sinkhole
19,19,1,19,19,normal
16,16,5,13,16,sinkhole
12,12,3,9,12,sinkhole
9,9,9,5,9,normal
5,5,5,5,5,normal
7,7,7,4,7,normal
6,6,6,4,6,normal
8,8,8,4,8,normal
8,8,8,1,8,normal
1,1,1,1,1,normal
6,6,6,1,6,normal
12,12,12,5,12,normal
6,6,6,5,6,normal
13,13,1,12,13,normal
22,22,1,21,22,normal
35,35,1,34,35,normal
8,8,1,8,8,normal
15,15,7,11,15,normal
28,28,5,24,28,sinkhole
29,29,5,25,29,sinkhole
10,10,5,6,10,normal
10,10,6,5,10,normal
6,6,5,2,6,normal
6,6,6,0,6,normal
5,5,5,4,5,normal
18,18,1,17,18,normal
11,11,4,8,11,sinkhole
27,27,5,23,27,sinkhole
18,18,3,15,18,sinkhole
16,16,2,15,16,normal
15,15,2,13,15,normal
20,20,4,20,20,sinkhole
31,31,4,27,31,sinkhole
11,11,1,11,11,normal
7,7,1,6,7,normal
11,11,8,7,11,normal
10,10,10,4,10,normal
33,33,10,24,33,normal
3,3,1,2,3,normal
7,7,3,5,7,normal
40,40,6,35,40,normal
16,16,4,12,16,sinkhole
5,5,1,5,5,normal
7,7,2,5,7,normal
12,12,1,11,12,normal
48,48,4,44,48,sinkhole
70,70,4,70,70,sinkhole
73,73,6,70,73,normal
41,41,1,41,41,normal
15,15,1,15,15,normal
43,43,4,39,43,sinkhole
74,74,0,74,74,normal
102,102,0,102,102,normal
59,59,1,58,59,normal
53,53,0,53,53,normal
12,12,11,5,12,normal
10,10,1,10,10,normal
37,37,0,37,37,normal
20,20,6,15,20,normal
7,7,6,5,7,normal
22,22,4,19,22,sinkhole
14,14,1,13,14,normal
39,39,0,39,39,normal
19,19,1,18,19,normal
33,33,1,33,33,normal
5,5,5,0,5,normal
6,6,2,4,6,normal
8,8,3,6,8,normal
10,10,9,5,10,normal
7,7,7,0,7,normal
9,9,9,4,9,normal
13,13,13,4,13,normal
7,7,7,3,7,normal
5,5,5,2,5,normal
12,12,12,4,12,normal
16,16,1,15,16,normal
16,16,12,9,16,normal
11,11,11,4,11,normal
17,17,9,13,17,normal
8,8,8,5,8,normal
10,10,10,6,10,normal
11,11,11,3,11,normal
8,8,7,3,8,normal
12,12,6,6,12,normal
27,27,4,27,27,sinkhole
22,22,5,18,22,sinkhole
26,26,4,22,26,sinkhole
29,29,2,28,29,normal
11,11,10,4,11,normal
6,6,4,3,6,normal
9,9,7,6,9,normal
10,10,7,6,10,normal
9,9,4,7,9,normal
6,6,1,6,6,normal
31,31,3,28,31,sinkhole
3,3,1,3,3,normal
12,12,6,9,12,normal
28,28,3,25,28,sinkhole
6,6,2,5,6,normal
25,25,1,24,25,normal
7,7,7,2,7,normal
34,34,5,29,34,sinkhole
26,26,1,25,26,normal
5,5,4,5,5,normal
12,12,5,7,12,sinkhole
20,20,2,19,20,normal
20,20,5,16,20,sinkhole
23,23,10,18,23,normal
13,13,13,6,13,normal
12,12,7,6,12,normal
11,11,11,2,11,normal
8,8,4,4,8,normal
14,14,5,10,14,sinkhole
7,7,7,1,7,normal
8,8,8,3,8,normal
9,9,6,4,9,normal
10,10,3,8,10,normal
11,11,11,5,11,normal
8,8,1,7,8,normal
20,20,8,14,20,normal
7,7,1,7,7,normal
7,7,4,7,7,normal
8,8,8,0,8,normal
4,4,4,2,4,normal
10,10,4,9,10,normal
9,9,4,5,9,normal
13,13,9,6,13,normal
9,9,5,6,9,normal
9,9,3,9,9,normal
9,9,9,2,9,normal
7,7,3,4,7,normal
9,9,5,7,9,normal
15,15,7,8,15,normal
9,9,1,8,9,normal
4,4,4,3,4,normal
5,5,5,3,5,normal
12,12,11,8,12,normal
15,15,4,15,15,sinkhole
9,9,3,8,9,normal
4,4,3,4,4,normal
18,18,13,5,18,normal
27,27,12,27,27,normal
20,20,6,19,20,normal
10,10,10,1,10,normal
28,28,8,24,28,normal
13,13,3,10,13,sinkhole
17,17,3,14,17,sinkhole
17,17,17,13,17,normal
10,10,5,10,10,normal
9,9,9,1,9,normal
8,8,2,6,8,normal
